Age,Gender,Education,Marital_Status,Region,State,Farm_Size,Crop_Type,Livestock_Type,Livestock_Number,Irrigation,Crop_Cycles,Technology_Use,Previous_Loans,Loan_Amount,Repayment_Status,Savings_Behavior,Financial_Access,Annual_Income,Extension_Services,Market_Distance,Yield_Per_Season,Input_Usage,Labor,Repayment_Probability,Credit_Score
32,0,1,2,0,14,2.28,12,3,7,0,2,1,0,0,0,1,0,401051.53,0,10.11,128610.35,0,1,59.45112538203775,581.0
32,0,1,0,4,32,3.13,10,3,15,0,1,1,0,0,0,0,1,289525.45,1,6.99,242613.91,0,1,32.43398586271408,448.0
31,1,0,1,1,34,0.62,12,5,0,0,1,0,0,0,0,0,1,264688.33,0,9.42,134944.82,0,1,39.415164708668385,419.0
26,1,0,2,0,25,0.12,16,0,13,1,3,0,0,0,1,0,1,163321.79,1,2.46,204982.35,0,1,44.728257863992255,484.0
29,0,2,2,3,16,2.36,16,3,3,0,2,1,1,400083,2,0,1,235488.02,1,10.75,144328.94,1,2,39.708121288922094,547.0
30,1,0,0,1,15,3.62,5,0,7,0,2,0,0,0,1,0,1,382373.31,0,16.86,158777.66,2,1,42.178755208980924,540.0
30,0,0,1,1,1,0.58,4,0,20,1,3,1,1,306951,2,1,1,257935.47,1,14.09,97269.78,2,1,87.68825938469013,696.0
19,1,0,2,3,10,1.81,8,1,17,1,2,0,1,392767,2,0,1,330154.73,0,17.01,79907.45,1,2,56.27010656392648,567.0
23,0,2,2,3,0,2.72,8,1,9,0,3,1,0,0,2,0,1,204852.82,1,8.22,177806.09,1,0,59.41730898145924,608.0
19,0,2,1,5,29,1.85,1,1,17,1,3,0,0,0,1,0,1,318062.3,1,11.47,114282.43,0,1,55.558586731031006,550.0
33,0,0,2,0,6,0.67,1,2,3,0,3,0,1,342890,2,1,1,297471.24,1,11.58,152964.06,1,0,83.71054318040507,674.0
32,1,0,1,0,31,0.93,10,0,1,0,1,1,0,0,1,0,1,348247.24,0,11.68,152531.49,0,1,38.80530708999268,538.0
20,1,1,0,3,0,2.63,16,3,1,1,3,0,1,285362,2,0,0,476293.75,0,5.2,219100.23,0,0,83.50259260347438,652.0
24,1,1,1,2,33,2.95,5,0,13,0,3,1,0,0,2,0,1,365139.13,1,7.94,179782.18,0,1,87.98938939955923,657.0
18,0,0,0,5,27,3.21,8,3,5,1,2,0,0,0,1,0,1,284876.4,1,6.69,192621.67,1,1,36.42535780760525,502.0
29,1,0,2,4,11,2.32,11,2,9,0,1,1,0,0,1,1,1,138777.27,1,6.35,86004.01,2,1,52.05510267641649,567.0
32,1,2,1,4,32,1.07,1,1,5,0,3,1,0,0,2,1,0,294047.46,0,10.01,187796.76,1,2,78.88552899921963,738.0
19,1,1,0,2,20,0.1,3,0,16,0,1,0,0,0,2,0,1,428054.08,1,5.58,115031.1,0,1,82.16379232773927,706.0
25,1,1,2,4,2,1.97,15,2,17,0,2,0,0,0,1,0,1,128357.56,1,13.74,180518.51,2,1,22.3978796761564,433.0
24,1,2,1,4,11,2.76,10,5,0,0,3,1,0,0,2,0,1,188883.62,0,11.62,143492.85,2,2,59.71093307559936,559.0
22,1,1,1,5,27,2.77,9,5,0,0,1,0,0,0,0,1,0,366705.61,0,14.44,174803.21,2,0,57.46222201742425,557.0
27,1,2,2,2,36,0.42,0,3,8,0,1,1,0,0,0,0,0,307900.9,1,0.19,228501.61,2,1,34.297889210018994,442.0
35,1,0,2,3,10,2.32,1,1,13,0,1,1,0,0,2,1,1,217276.91,1,0.52,179954.67,0,0,85.37947352063047,698.0
20,0,0,2,4,11,1.3,2,2,4,0,2,0,0,0,2,1,0,203288.89,0,20.95,109585.09,0,1,88.27106307274468,683.0
35,1,1,2,4,2,1.51,10,5,0,1,1,0,0,0,2,0,0,295052.04,0,13.71,223832.93,1,0,60.89580184992079,622.0
22,1,1,1,0,26,0.29,10,0,13,0,3,0,1,335718,2,1,1,435387.24,1,11.71,245576.48,2,0,88.72484443186363,744.0
27,0,0,2,4,9,0.63,9,3,5,0,2,1,1,223880,2,1,0,353549.18,0,10.85,207662.26,1,0,89.32590491128116,727.0
32,0,1,1,4,9,2.23,10,3,15,0,2,0,1,297940,2,0,1,380265.23,0,7.57,216722.28,1,0,85.60632345106735,658.0
34,1,0,2,3,0,1.99,1,3,10,0,3,0,1,264879,2,1,1,340311.93,1,5.46,178051.65,1,1,100.0,753.0
22,1,1,2,1,7,3.68,6,0,18,0,2,1,0,0,2,1,0,538163.68,0,14.26,118981.81,2,1,98.11058538029944,833.0
31,1,1,2,5,27,2.85,8,1,14,0,2,0,1,449445,1,1,1,201206.42,1,6.14,178808.73,1,0,58.36442631542717,586.0
34,1,1,2,1,1,1.7,6,0,12,0,2,0,0,0,2,1,1,517284.23,1,14.63,245470.83,0,0,91.46223931237952,822.0
23,1,1,1,1,7,2.17,4,4,1,0,3,0,1,354245,2,0,0,390787.19,0,1.65,177168.01,2,1,68.1244665860734,606.0
18,0,1,1,0,31,1.79,14,2,20,0,3,1,0,0,2,1,1,313850.8,1,6.99,188012.55,1,2,81.60554559640721,723.0
20,1,2,1,2,17,2.17,13,3,6,1,3,0,0,0,2,0,0,308939.39,0,12.58,173774.68,0,1,61.684015832948255,616.0
30,1,1,2,1,35,2.55,5,0,4,0,1,0,0,0,2,0,1,329555.05,0,11.18,188543.26,0,0,56.20531812014913,631.0
27,1,1,1,3,16,2.97,16,3,8,0,2,0,0,0,1,1,1,308205.49,0,18.21,148059.39,0,2,84.45515781192563,665.0
32,0,0,2,3,16,2.96,8,2,13,0,3,0,0,0,2,0,0,397355.74,1,7.97,77389.8,0,2,85.06629617485476,666.0
25,1,1,2,0,26,3.78,1,5,0,0,3,1,0,0,2,1,0,359027.46,0,9.55,189053.66,0,0,97.72451036484392,775.0
18,0,1,1,1,34,1.41,5,5,0,0,1,1,1,251579,2,1,0,286659.91,1,16.35,109076.29,1,1,85.171226641096,719.0
24,1,0,2,5,29,1.28,15,5,0,1,2,0,1,404518,0,1,1,390588.76,1,10.0,157912.8,1,1,43.58463797630449,529.0
34,1,1,1,1,7,3.39,12,5,0,0,2,1,0,0,2,1,1,34064.86,0,12.57,135281.67,1,0,67.61991037142228,612.0
35,0,1,1,2,33,1.23,3,5,0,0,2,1,0,0,1,1,0,237597.07,0,10.07,153078.43,2,0,57.15276548147684,613.0
33,1,1,1,3,0,2.33,15,1,14,0,1,0,1,188155,2,1,1,387000.99,1,3.6,237739.71,1,1,84.83707595834359,737.0
34,0,1,1,4,9,1.66,15,1,12,1,2,0,0,0,2,1,1,434604.42,1,15.52,207571.27,2,2,95.78972617225267,774.0
23,1,1,2,2,36,1.44,10,3,9,1,3,0,0,0,2,0,1,331420.37,1,9.21,190329.66,0,2,82.27270564841032,667.0
18,1,1,2,5,30,0.48,9,3,11,0,1,0,0,0,0,1,0,220156.1,1,1.23,143805.3,1,1,37.91886872368181,465.0
34,1,1,2,4,2,1.65,2,5,0,1,1,1,0,0,2,1,1,324252.04,1,14.93,120276.77,2,2,83.36250095709804,717.0
32,1,2,1,3,0,3.28,15,2,17,0,2,0,0,0,2,0,1,368903.62,0,10.52,123279.67,2,2,57.41411224929906,631.0
31,1,1,2,2,36,1.8,5,3,7,0,3,0,0,0,2,0,1,203619.25,0,7.83,134541.39,0,2,61.2948317001357,589.0
24,1,1,1,0,25,3.03,1,2,12,0,2,0,0,0,2,0,1,151443.96,1,13.2,141404.33,0,1,63.132450950886216,581.0
29,0,2,0,3,13,1.55,15,1,17,0,1,0,1,447710,2,1,0,445338.45,0,2.04,181831.57,2,1,74.75453352950615,732.0
29,0,1,2,3,3,2.27,10,3,4,0,3,0,0,0,1,1,1,305030.65,0,13.09,124814.78,0,1,64.41691761747198,632.0
26,1,1,2,3,16,3.42,10,5,0,0,3,0,1,338075,2,1,1,242925.37,0,6.94,130614.92,2,0,57.44932032697832,645.0
25,0,1,2,2,21,1.76,6,1,15,0,1,1,0,0,2,0,1,310212.89,1,16.03,167156.75,0,2,54.56017343028162,623.0
18,0,1,1,3,0,2.82,1,1,13,0,2,1,0,0,2,0,0,350727.4,1,7.29,181944.55,2,1,73.72533544550663,657.0
29,1,0,1,2,18,2.02,10,1,13,1,1,0,1,133807,1,1,0,308995.61,1,13.04,159330.46,0,0,57.36825612618789,582.0
21,1,1,2,2,17,0.19,10,5,0,0,3,0,0,0,2,1,1,396501.5,0,6.85,141572.21,2,1,82.04039739452925,738.0
19,1,2,2,5,27,0.77,1,2,11,0,1,1,0,0,1,1,1,282225.97,0,12.15,162165.38,2,0,59.08000986697115,633.0
20,1,1,1,5,27,1.22,8,1,5,0,2,0,0,0,0,1,0,364018.98,0,12.85,172385.43,2,2,42.629021312679974,548.0
31,1,0,1,3,10,0.57,15,1,3,0,1,1,0,0,2,1,1,360616.51,0,9.41,91105.17,1,1,92.0941135334515,742.0
28,0,2,1,2,21,1.98,0,3,6,1,1,1,0,0,2,1,1,242899.53,1,10.31,110976.3,2,1,81.4644542804678,699.0
19,0,0,1,0,14,2.35,12,0,7,1,3,1,0,0,2,1,0,313278.07,0,14.48,181758.59,0,0,89.1014099723563,717.0
33,1,2,2,1,7,2.4,5,0,20,0,3,0,0,0,2,1,1,518250.7,1,18.36,139798.47,2,1,96.45884366816885,811.0
35,1,1,2,0,26,1.51,10,0,12,1,3,0,1,338107,2,1,1,609404.9,0,14.66,193657.93,1,1,100.0,820.0
34,1,1,2,1,1,3.57,7,1,18,0,2,0,0,0,2,1,1,145646.22,1,7.55,181127.82,2,1,61.04389141697453,641.0
29,1,1,2,1,4,1.89,7,1,10,1,1,1,0,0,2,1,1,226404.81,1,3.53,208041.34,2,1,84.67595481198249,719.0
28,0,1,2,0,23,3.95,6,1,15,1,1,1,0,0,1,1,1,241002.14,1,14.24,211125.05,1,0,63.447467663914814,595.0
32,1,1,2,5,29,0.76,2,2,15,1,3,1,0,0,2,1,0,362924.9,0,14.58,167324.42,1,2,82.68796789892006,728.0
23,1,0,2,2,21,1.06,6,0,12,0,2,1,0,0,2,1,0,364426.82,1,9.49,148660.28,0,0,88.73304582094117,746.0
29,1,1,0,3,10,2.62,8,2,17,0,1,0,1,282549,2,0,1,314103.67,0,8.69,124616.01,0,2,58.62692711181585,591.0
23,0,2,2,5,30,1.68,15,2,6,1,3,1,1,375593,2,1,1,394817.68,1,2.24,134823.2,0,1,94.30951680751089,722.0
25,0,1,2,2,21,2.98,0,5,0,0,2,0,0,0,2,1,1,267516.86,1,2.08,123344.8,1,2,82.43980953134044,723.0
30,0,1,1,0,14,0.81,1,2,11,1,1,1,1,420321,2,1,1,453073.24,1,10.9,219600.11,0,2,82.9392723879546,744.0
21,0,1,2,0,6,2.33,1,1,13,1,3,1,0,0,2,0,1,339482.57,0,7.11,153184.42,1,0,87.36946334982706,655.0
26,0,0,2,1,35,2.18,6,4,9,0,3,0,1,296242,1,1,1,326540.38,1,5.82,257257.46,1,1,58.3643242808915,601.0
34,1,1,2,2,36,2.56,10,1,1,1,1,0,0,0,0,1,1,181005.49,1,18.39,122320.59,1,0,39.30729092098047,473.0
21,0,1,2,5,30,0.9,8,1,19,0,1,0,1,279189,1,1,1,228870.14,0,12.31,255892.8,0,1,60.046391326543905,560.0
19,1,2,2,1,15,2.87,5,0,12,1,1,1,0,0,2,1,1,120397.1,1,6.32,211804.66,1,2,79.71830927873644,660.0
30,1,2,2,0,31,2.87,12,5,0,1,2,0,0,0,2,0,1,376409.61,0,13.54,197835.12,0,1,85.02993278647716,675.0
26,1,2,1,3,0,1.15,10,2,2,0,2,0,0,0,2,0,0,139898.07,1,7.81,208315.14,2,0,57.067998393581256,563.0
24,1,0,2,0,23,2.54,14,3,16,0,2,0,0,0,2,0,0,210153.2,1,16.95,177890.52,0,2,62.759383953181135,590.0
19,1,0,2,4,32,2.06,10,1,13,0,1,0,0,0,2,0,1,352969.28,1,1.72,212821.82,0,2,54.99825181557682,647.0
28,0,1,2,0,23,0.77,10,3,2,1,2,1,1,299062,2,0,1,273965.95,1,6.34,114916.4,0,2,69.93423168647091,580.0
20,1,1,1,1,7,2.88,6,0,5,1,2,1,0,0,1,1,1,376219.84,1,2.34,201647.74,2,2,84.48458332613139,660.0
30,1,1,2,4,11,1.99,9,2,5,1,1,1,1,103352,2,0,1,521842.14,1,5.63,36181.32,2,0,83.62697549981758,708.0
26,0,1,2,0,23,1.91,12,2,9,0,2,1,0,0,2,0,1,392134.96,0,6.98,146209.13,0,2,54.80047362574654,634.0
20,1,2,1,2,36,0.65,10,5,0,0,3,0,0,0,2,1,1,202838.6,0,9.37,114125.74,0,2,80.84120967051791,665.0
25,0,1,2,2,33,1.68,10,5,0,0,2,1,0,0,2,0,1,274916.7,1,4.95,146640.82,1,0,61.802883542941814,625.0
28,1,0,1,5,28,1.76,15,2,2,0,2,0,0,0,2,1,1,222098.62,0,3.3,195650.01,2,0,95.58187059964757,677.0
26,1,1,2,4,8,0.71,1,5,0,1,2,0,1,77044,2,0,1,323413.75,0,4.02,148013.05,0,1,53.24709694226249,615.0
24,1,2,2,4,2,2.21,1,3,3,0,1,0,1,117695,2,0,1,179485.82,1,13.8,179194.31,1,2,66.89105161441195,570.0
21,1,1,2,0,25,1.22,1,0,20,0,1,0,0,0,1,1,1,364828.04,1,17.82,87487.68,2,1,62.144811471458496,635.0
23,1,1,2,2,21,0.47,13,5,0,0,1,0,0,0,2,1,1,426258.41,0,20.31,210418.31,1,0,90.37901317451579,777.0
34,0,0,1,1,15,2.55,7,5,0,0,1,1,1,80447,2,1,1,250624.01,0,10.95,178837.9,1,2,85.25881277141302,669.0
23,0,1,1,5,29,2.36,6,2,15,1,3,1,0,0,2,1,1,304867.48,0,7.67,70264.85,2,0,91.57175989422038,712.0
27,0,1,1,2,20,2.1,6,1,17,1,1,1,0,0,2,0,1,314596.16,0,5.12,105377.21,0,0,64.12672649106439,644.0
33,0,1,1,1,15,1.98,5,4,16,1,2,0,1,445755,2,1,1,225278.83,0,10.33,175796.96,2,1,81.49114042532102,655.0
22,0,0,1,2,18,2.29,3,4,14,0,1,0,0,0,2,1,0,164341.82,1,11.32,120476.1,1,0,87.64049397347239,657.0
26,0,1,1,1,35,2.55,12,1,11,0,1,0,0,0,2,1,1,256479.57,0,6.45,153688.51,1,0,81.45559687604101,714.0
34,1,0,2,5,28,3.16,6,2,19,0,1,0,1,403323,2,0,1,223163.51,0,19.14,250948.31,0,1,30.474026235586997,543.0
20,1,1,1,3,13,3.31,15,5,0,0,2,1,1,349855,1,1,1,243185.77,0,3.8,203168.74,1,1,31.889124810809008,546.0
35,1,1,1,4,5,1.91,11,2,3,0,3,1,0,0,0,0,1,267786.04,0,4.71,147949.23,2,1,32.033882652583,407.0
20,1,1,1,1,7,2.19,4,4,5,1,1,1,0,0,2,0,0,264683.37,0,3.36,204158.93,0,0,52.08094020105231,615.0
18,1,0,2,3,0,3.62,8,3,16,0,2,0,0,0,1,1,1,267767.95,0,8.41,116226.93,0,2,59.91504522383848,600.0
18,0,0,1,3,3,2.13,16,2,20,0,3,1,0,0,2,0,0,493892.9,1,11.41,187328.0,2,1,75.82605419245564,688.0
31,1,2,1,3,0,2.25,16,2,2,1,1,1,0,0,0,1,0,293655.39,1,10.98,165848.97,2,1,31.72551862243021,527.0
32,1,0,2,2,17,1.88,0,0,9,1,1,1,1,167886,2,1,1,278137.93,0,12.14,194956.79,1,0,85.57305400603883,720.0
34,1,1,2,0,22,2.35,12,0,16,0,1,0,1,273563,2,0,1,439316.0,0,10.95,200052.3,1,1,56.292149355215635,630.0
31,0,1,1,5,12,4.11,8,5,0,0,1,0,1,223824,2,1,1,188694.56,1,12.12,157166.96,1,2,83.78055151102227,659.0
23,0,0,2,3,3,2.81,8,2,6,1,2,0,1,370701,2,1,1,320604.95,1,10.41,77122.43,0,1,86.32405624695878,686.0
18,1,2,1,3,0,0.12,10,5,0,0,1,0,1,487415,1,1,0,311502.61,0,9.68,120486.23,2,1,52.38285711378781,551.0
29,0,1,2,0,26,0.8,6,5,0,0,2,0,0,0,2,0,0,402922.18,1,8.12,178788.99,1,0,62.76298326038472,647.0
22,1,1,1,4,11,2.51,8,5,0,0,1,0,0,0,2,1,1,283169.18,1,8.49,134132.72,1,2,84.32810112500921,703.0
33,0,2,1,0,14,-0.45,16,3,3,1,3,1,1,281496,2,1,0,455796.88,0,12.35,192280.08,1,2,95.39633449505469,798.0
19,1,1,1,2,36,1.64,3,0,12,0,2,1,1,252514,2,1,1,323212.85,1,7.98,156470.56,2,0,74.00500103176346,717.0
20,1,0,2,1,34,3.11,4,4,18,0,2,0,0,0,2,1,1,181659.38,0,4.43,154883.79,0,1,83.27793250083644,673.0
35,1,0,2,4,32,2.05,8,1,10,0,1,1,0,0,0,1,1,294914.75,0,9.91,169862.23,1,1,46.58227934091207,510.0
20,1,0,2,2,20,1.83,10,1,19,1,3,0,1,124965,2,1,1,252790.94,0,2.65,135699.79,2,0,88.77730788828391,687.0
22,0,0,1,3,16,2.52,1,2,19,1,3,0,0,0,2,0,1,327142.15,0,11.35,132840.39,0,0,57.815918267801614,626.0
33,1,1,2,5,24,1.92,6,3,17,0,2,0,1,233043,2,1,1,107551.18,0,9.73,164277.7,2,2,55.97349932407611,602.0
33,0,0,2,4,32,0.62,15,1,3,1,3,0,0,0,2,0,0,396308.9,1,19.79,137929.28,2,2,84.9876098483482,689.0
29,0,0,2,4,2,1.46,10,3,16,1,1,1,0,0,2,1,0,385661.71,0,10.9,157261.94,2,1,87.6583593237957,717.0
31,1,1,2,0,14,2.47,12,0,2,0,1,0,1,161041,0,1,1,114416.22,1,17.28,150154.21,2,1,25.17252807035142,426.0
32,1,2,2,5,27,1.21,8,5,0,1,2,1,0,0,2,0,0,252917.1,0,16.8,84558.98,0,0,60.499902713124,572.0
27,1,1,2,2,18,0.89,7,5,0,0,1,0,0,0,2,1,0,378218.26,1,0.83,148595.81,0,2,92.37410473191163,766.0
34,1,0,1,5,28,1.67,15,3,12,0,1,1,0,0,2,0,0,315519.07,1,15.35,159481.41,1,0,61.09277290225608,619.0
34,1,2,1,2,18,2.74,13,4,19,0,3,1,1,417570,1,0,0,311088.95,0,10.44,159865.79,0,1,37.62263060408297,514.0
27,1,1,2,2,33,1.93,3,4,5,1,2,0,1,84773,1,1,1,411171.86,1,5.84,220852.19,2,2,81.81177704399042,704.0
30,0,0,2,4,5,2.14,8,5,0,0,1,0,1,330343,2,1,1,266008.55,0,13.7,124339.32,0,1,86.04992498594137,733.0
21,0,0,1,0,22,2.66,14,2,17,1,1,1,0,0,2,0,1,272448.97,0,10.6,227378.5,2,1,53.420318301725985,621.0
26,1,0,2,4,5,2.98,9,3,15,0,1,1,1,304595,2,0,0,225777.05,0,13.35,183848.32,1,1,62.71537136587166,601.0
19,0,1,2,1,34,2.85,6,4,9,0,3,0,0,0,2,0,1,477279.12,1,6.69,120109.58,0,2,90.11877825105611,696.0
28,0,1,0,4,8,2.44,1,3,13,0,3,0,1,487985,2,0,0,196828.3,1,5.82,254476.94,0,0,37.47054299541888,543.0
22,0,2,1,5,28,0.69,6,1,14,0,3,1,0,0,2,1,0,319166.09,0,12.24,168554.7,0,0,85.50242735248348,713.0
33,1,2,1,5,29,1.78,2,3,3,0,3,1,0,0,0,1,0,151099.96,0,12.13,150957.39,2,1,45.936322340963656,461.0
32,1,1,1,0,26,2.31,12,3,4,0,1,1,0,0,1,1,0,405466.63,1,16.94,153304.78,0,1,81.55293424674379,713.0
30,1,2,2,3,0,5.5,15,2,12,0,3,1,0,0,0,0,1,153659.4,1,6.58,189531.28,1,1,36.52466867943596,374.0
18,1,2,2,4,11,0.47,8,2,18,1,2,0,1,116668,2,1,1,303257.56,0,0.33,234439.7,0,0,81.66907589323806,677.0
24,0,1,1,4,8,0.58,10,3,15,1,3,0,1,327667,2,1,1,321364.59,0,5.48,145538.73,2,1,85.35494618952434,721.0
21,1,2,1,4,32,1.43,8,1,10,1,2,0,0,0,2,1,1,133338.97,0,7.09,120598.07,0,1,85.03519098428207,666.0
21,0,0,1,3,3,2.67,16,2,15,0,2,0,0,0,2,1,1,346259.13,1,13.53,112443.7,1,1,98.40879884836494,760.0
27,1,0,1,2,21,2.78,10,0,10,0,1,0,1,332727,1,0,1,160466.63,0,1.55,157852.68,2,0,29.232183001492075,408.0
23,0,1,1,1,1,1.58,13,0,7,0,1,1,1,387369,2,1,1,367659.8,0,6.45,243808.67,1,1,90.9401143569229,758.0
35,1,1,2,5,29,2.49,8,3,4,0,3,1,0,0,1,1,0,424789.6,1,19.1,151996.82,2,1,79.24166632623313,674.0
29,1,2,1,2,36,3.05,6,4,3,0,2,0,0,0,2,0,1,449358.28,0,8.15,157169.42,1,1,90.49448066381787,669.0
34,0,1,1,5,29,0.57,6,2,12,0,2,1,0,0,2,1,1,359727.49,0,16.94,207331.2,1,1,79.84482073573731,735.0
35,0,2,2,2,20,2.4,10,4,20,1,2,1,0,0,1,0,1,295766.43,1,2.52,117498.8,0,1,30.604698518347274,509.0
27,0,0,1,0,6,1.88,14,5,0,0,3,0,0,0,2,1,0,227691.23,1,15.95,200683.79,1,1,88.7547689678937,674.0
19,0,2,2,2,20,2.55,0,5,0,1,2,0,1,314237,2,0,1,334058.92,0,13.51,153349.09,0,2,89.04037714581926,660.0
33,0,1,1,2,19,2.73,3,4,6,1,1,1,1,406007,2,0,1,267717.55,0,17.84,214518.41,0,2,65.66765547156761,567.0
32,1,1,2,2,21,1.03,3,1,15,1,1,0,1,409232,0,0,0,112255.71,0,10.38,187134.12,0,2,35.63593892647167,317.0
31,1,1,2,5,12,2.6,6,5,0,0,1,0,0,0,1,1,1,241418.43,1,6.97,235968.9,1,2,60.50368177044254,614.0
35,0,0,2,3,10,1.31,15,5,0,0,3,1,0,0,2,1,0,300409.3,1,17.44,154264.07,2,2,81.468038359766,747.0
20,0,0,0,5,29,3.87,1,2,15,1,1,1,0,0,1,1,0,101433.78,0,4.27,81831.37,1,0,51.27648403456708,556.0
23,1,1,2,1,1,2.42,6,4,9,0,3,1,0,0,2,1,1,384699.71,1,6.16,223884.09,1,1,78.22218314317126,718.0
19,1,1,2,4,11,-0.06,11,5,0,0,2,0,1,490437,2,1,1,355098.67,1,5.51,124513.49,0,1,84.5852040494679,692.0
28,1,1,2,3,16,3.87,8,2,8,0,1,1,1,431783,2,1,1,338961.42,0,9.79,246571.96,2,1,88.14530682221857,688.0
24,1,1,1,3,10,2.54,8,5,0,0,3,1,0,0,2,0,1,433435.03,1,11.4,237931.02,2,0,77.828094647965,687.0
29,1,1,2,4,11,2.33,10,2,19,0,3,1,0,0,2,1,1,270238.9,1,9.87,120588.18,0,2,87.05262210384285,702.0
34,1,1,1,5,30,0.12,2,2,20,1,2,0,0,0,1,1,1,361971.14,1,12.91,139838.2,0,0,83.98287142054396,664.0
19,0,1,2,0,22,2.46,16,2,9,0,1,1,0,0,1,1,1,445582.23,0,17.89,94942.99,0,1,83.4790324179632,692.0
33,0,1,1,3,3,2.19,15,5,0,0,2,1,0,0,1,1,1,394131.06,1,15.17,164267.24,2,2,83.88128754339003,657.0
34,1,0,2,2,36,2.57,3,3,16,0,2,0,1,178585,0,0,1,293926.86,1,12.99,102582.6,0,2,31.964567705825065,401.0
32,0,1,2,0,25,2.26,14,0,15,0,1,1,1,225607,2,0,0,246115.81,0,11.86,173525.74,1,1,57.67189112963012,584.0
25,0,0,1,4,5,2.59,8,2,7,0,3,0,1,251202,1,0,0,389500.87,0,4.92,137795.98,0,1,41.38146808800402,530.0
20,1,0,0,0,26,0.97,6,2,16,1,3,1,0,0,2,1,1,411336.05,1,16.73,189954.41,1,1,95.70704563834154,759.0
28,0,1,1,0,31,2.63,14,2,16,0,3,0,0,0,2,0,1,388523.15,0,7.4,157672.05,1,0,57.584041510324134,646.0
18,0,1,2,0,26,1.6,1,2,19,0,1,0,1,238505,2,1,1,481994.89,1,19.53,126841.62,2,2,89.90907229243305,800.0
19,1,0,0,1,4,3.76,12,0,13,0,2,0,1,497415,2,0,1,457301.97,1,14.17,232184.52,1,0,67.58042302104346,631.0
20,1,0,1,2,18,3.63,6,3,9,0,1,1,1,250753,2,0,0,440752.65,0,6.67,141115.3,0,1,58.261134498635485,635.0
32,1,2,1,2,33,1.94,0,3,10,1,3,1,1,356398,2,1,1,347944.15,1,7.72,159071.33,0,0,79.91386952952773,697.0
19,0,1,1,4,9,1.92,9,2,6,0,2,1,1,274021,2,0,1,178260.39,0,17.73,112542.84,0,1,41.431524146603955,549.0
33,1,2,1,5,30,2.17,6,5,0,0,2,1,0,0,1,1,1,196092.64,0,14.76,131674.65,1,1,50.657892505154905,592.0
30,0,2,1,3,0,2.09,15,2,8,0,2,1,0,0,2,0,1,472748.27,0,7.06,108136.88,0,1,86.00183671978358,692.0
25,1,1,1,3,13,1.7,8,3,6,0,1,0,1,254720,2,1,1,373891.55,0,5.81,105665.95,0,0,79.2439400805683,692.0
34,1,1,2,4,11,1.97,9,3,13,0,1,0,0,0,0,0,1,209031.66,1,13.71,199940.83,1,2,35.26836323401232,371.0
30,0,1,1,1,1,1.4,6,0,7,0,3,0,0,0,2,1,1,188999.64,0,16.0,139067.28,0,1,57.65817378852534,645.0
32,1,1,0,0,25,2.88,16,2,9,1,3,0,1,377871,1,1,1,455600.06,0,9.12,183432.74,0,1,51.58395265745936,646.0
26,1,1,2,3,16,0.77,8,1,8,1,3,1,0,0,2,1,0,199682.02,0,11.66,176670.04,0,1,79.3907888542209,665.0
34,0,1,0,3,3,0.91,10,3,20,1,3,0,1,263175,0,1,0,172062.95,0,3.06,139135.82,0,1,43.271224668908005,480.0
30,1,1,2,3,3,4.08,1,1,14,0,2,1,1,390401,2,0,0,262772.75,1,8.03,178766.94,2,0,65.21114284744867,591.0
33,0,0,2,3,16,1.47,15,3,4,0,1,0,1,328404,2,1,1,194344.24,0,12.08,117797.7,1,2,55.45770869084539,640.0
33,1,0,1,3,16,3.9,8,3,11,0,2,1,1,460184,1,0,1,321978.43,0,4.86,145144.09,2,1,33.79334960381946,489.0
19,0,0,1,3,0,1.05,1,5,0,1,3,0,0,0,2,1,0,307748.05,1,6.51,187863.35,0,1,82.2955417160011,704.0
25,0,1,2,4,2,2.64,11,1,1,0,2,1,1,253117,2,0,1,330587.21,1,9.66,107431.48,1,0,52.678224684053674,560.0
25,0,2,2,4,11,0.13,9,5,0,0,2,0,1,55368,2,0,0,261147.92,1,13.82,87938.3,1,1,58.55837139853256,612.0
24,1,0,1,1,1,2.18,6,0,13,1,3,1,0,0,0,1,1,348741.39,1,17.98,132163.07,1,2,57.86269216630359,563.0
32,1,1,2,2,19,2.1,5,4,15,0,3,1,0,0,1,0,1,148269.38,0,16.85,221472.89,1,2,41.48924738278559,457.0
24,0,2,2,3,10,2.15,16,1,5,0,2,1,0,0,2,1,1,425481.19,0,12.5,135971.17,0,0,94.1329799084084,782.0
28,0,1,2,3,3,1.28,10,3,10,0,2,1,1,128537,2,0,1,233513.05,0,1.69,81663.41,0,1,61.73985003719496,604.0
22,1,1,2,1,35,1.67,5,4,15,0,1,0,0,0,2,1,0,266150.6,1,7.7,102372.09,0,1,86.3105745975492,728.0
24,1,0,1,1,15,1.86,5,0,13,1,3,1,1,277203,1,0,0,373965.32,0,4.5,109395.75,1,1,46.31758105106679,509.0
32,1,2,2,2,18,1.37,0,1,2,0,2,1,1,378774,2,1,1,306992.93,1,2.79,192866.54,0,1,80.69111971085339,728.0
20,1,1,1,0,6,1.35,12,2,5,1,3,1,1,318508,2,1,1,236605.46,0,17.84,107025.0,0,2,87.38317697231687,697.0
32,1,0,2,4,9,2.76,15,2,20,0,1,0,1,390130,2,0,1,185409.94,1,9.73,126708.9,1,1,36.70327340029989,520.0
19,1,1,1,2,20,2.01,5,4,19,0,3,0,0,0,1,1,0,510373.19,1,5.24,116150.24,2,1,83.76577321589109,716.0
29,1,0,2,5,27,0.99,9,5,0,1,2,0,1,137592,2,0,1,265602.39,1,11.42,100606.33,2,1,66.50580400723426,619.0
29,1,1,2,2,17,1.81,7,3,2,1,2,1,0,0,2,1,1,267829.38,0,18.11,247557.1,1,1,82.92473745422491,734.0
31,0,2,2,5,30,2.88,6,3,18,0,1,1,0,0,2,1,1,370187.58,0,5.99,131231.15,1,1,86.63700962426239,743.0
30,0,0,2,0,23,1.92,14,2,17,0,3,1,0,0,1,1,1,-18781.15,0,3.51,112107.19,0,2,36.62407952943616,532.0
20,0,1,1,0,22,3.56,1,2,20,0,3,1,1,362877,2,1,1,191292.76,0,17.09,25609.57,2,0,65.18036200880559,624.0
18,1,1,1,2,36,1.21,5,4,15,0,3,0,1,224004,2,1,0,260090.11,1,13.4,204835.32,2,1,86.9405123456561,665.0
25,1,2,2,0,25,4.55,10,1,11,0,3,0,0,0,2,1,1,235780.53,1,10.2,187824.95,0,1,81.24514195190478,701.0
27,1,2,1,2,20,1.3,13,1,17,0,1,1,1,257370,2,0,0,416245.83,1,5.18,231423.43,2,1,87.97159121971978,666.0
30,1,1,0,0,22,1.41,1,3,9,0,2,1,0,0,0,1,1,283436.86,1,1.03,82227.62,1,1,47.63270205199636,522.0
27,0,0,2,4,5,1.43,9,3,6,0,2,1,1,143948,2,1,1,223380.75,0,20.83,209527.43,2,2,62.227212199045205,645.0
35,1,1,1,5,29,1.73,9,3,4,0,3,1,0,0,2,1,0,271063.56,0,16.01,165857.35,0,1,75.02111944341324,746.0
35,1,0,1,3,10,1.02,16,3,4,0,2,1,0,0,0,1,0,138119.47,1,12.64,214069.63,0,0,41.017080408646265,454.0
28,1,1,1,2,19,1.45,7,0,1,0,3,1,0,0,0,0,1,285297.46,1,6.8,109135.23,1,1,27.8177323985124,434.0
27,0,1,2,5,30,2.05,2,3,6,0,3,0,0,0,2,1,1,357679.38,0,2.28,156613.64,1,1,86.64291706190288,749.0
20,1,0,2,2,21,1.87,0,0,15,0,3,0,1,253085,2,1,1,243939.24,1,15.28,287536.15,2,1,83.6388066841229,690.0
24,1,0,2,1,7,4.1,12,5,0,1,3,0,0,0,2,0,0,359639.71,0,13.92,205813.78,0,1,56.80641579037944,636.0
28,1,2,2,2,20,2.97,6,4,5,1,3,1,0,0,2,0,1,179506.44,1,10.26,174541.43,2,1,51.84820870150528,557.0
35,0,1,1,5,27,2.82,8,1,5,1,2,0,0,0,1,1,1,295191.15,0,9.61,237920.89,1,2,58.711063845688464,610.0
35,0,0,1,1,15,2.39,5,5,0,1,2,1,0,0,2,1,1,71028.45,1,10.79,150310.57,0,2,84.45094329704652,658.0
25,1,2,1,0,26,1.42,16,3,14,0,3,0,0,0,0,1,1,182612.0,0,6.92,99816.94,0,1,32.98582438094362,466.0
27,1,0,1,2,17,3.18,6,5,0,0,1,0,0,0,2,1,1,218013.45,1,11.73,275577.83,0,1,87.09317743986834,680.0
23,1,1,0,0,31,1.89,1,3,6,1,2,0,1,115756,2,1,1,170078.36,1,4.72,149235.37,1,1,79.46629037934707,697.0
33,1,0,2,1,15,1.62,12,0,19,0,2,1,0,0,2,1,1,259663.23,1,2.55,154706.21,0,1,81.2372310590796,739.0
21,0,1,1,0,23,4.3,1,0,15,0,2,0,1,159028,1,1,1,152055.58,0,8.04,142033.23,0,1,65.01677107510801,553.0
21,1,1,2,3,0,2.79,8,1,13,0,3,0,0,0,2,1,1,378581.2,0,9.14,141401.42,0,1,95.91310286813922,761.0
30,1,1,1,3,0,1.01,10,5,0,1,1,1,0,0,2,1,0,262503.59,0,16.71,115362.26,2,0,81.83956572872506,710.0
21,1,1,2,2,33,1.01,13,1,6,1,3,0,1,440992,1,0,0,296499.24,1,11.66,157088.29,1,1,44.86930852333418,482.0
19,1,0,2,4,32,1.17,10,2,11,0,3,0,0,0,0,1,0,289076.76,1,15.15,193615.77,1,1,43.74072938957071,530.0
30,1,1,2,0,31,1.65,1,5,0,1,3,0,0,0,2,1,1,404999.42,1,6.17,30125.06,2,0,90.79293159616853,780.0
35,1,2,2,3,10,2.07,8,2,20,0,3,1,0,0,2,0,1,318729.55,1,10.12,136791.45,2,1,63.91564058981926,638.0
35,1,2,1,4,32,0.86,2,3,2,0,2,1,0,0,1,1,1,302440.73,1,12.16,193909.77,0,1,63.19733969144232,634.0
24,1,1,0,1,15,2.79,5,0,4,0,1,0,0,0,1,1,1,287794.29,0,14.14,121926.78,2,2,51.11260963380299,648.0
18,1,1,2,2,19,1.92,10,4,7,0,1,0,1,263286,2,0,1,294929.08,1,16.26,127588.77,0,1,58.333000171647356,602.0
34,0,2,2,0,25,1.79,12,5,0,0,2,0,0,0,2,1,0,450421.43,0,11.44,121865.4,0,1,100.0,786.0
23,1,2,2,4,11,0.94,8,5,0,1,3,1,0,0,2,1,1,221015.26,1,11.32,234580.11,2,1,79.23815591090103,679.0
23,1,0,1,2,33,2.32,5,3,17,1,2,0,1,244215,1,1,1,211475.13,0,12.93,129379.31,0,0,41.930274467652445,537.0
21,0,2,1,0,31,1.84,1,0,1,1,3,0,0,0,1,1,1,321209.34,0,8.82,81926.38,2,2,83.86160014947326,651.0
18,1,1,2,1,15,0.74,6,5,0,1,2,1,1,415391,0,0,1,120689.35,0,11.75,117355.63,1,0,27.800053998602383,338.0
31,1,1,1,2,18,1.22,7,3,16,0,3,0,0,0,1,1,1,510097.88,1,2.99,216009.21,0,2,90.28215910431473,725.0
18,1,0,2,3,16,3.18,10,3,17,0,3,0,0,0,2,1,1,467390.16,1,2.9,175677.45,0,1,100.0,781.0
28,1,1,2,2,21,1.28,6,4,1,1,1,1,0,0,2,1,1,280460.96,1,11.6,232680.86,2,2,89.96442212022194,711.0
27,1,2,2,5,24,3.33,6,3,18,0,2,0,0,0,2,1,1,234719.15,1,12.04,134472.1,0,1,86.31020443687629,703.0
34,1,1,2,4,32,2.14,11,1,14,0,1,1,0,0,1,0,0,384961.2,0,1.68,202456.27,1,1,62.76363733998627,552.0
34,1,0,2,3,13,0.97,15,3,1,0,3,0,0,0,2,1,0,540074.5,1,5.58,20579.17,2,2,94.13515558639232,827.0
29,1,0,2,0,26,2.75,12,0,2,0,2,1,0,0,2,0,0,181253.46,0,0.7,193212.18,1,1,57.11604701820902,616.0
29,0,1,2,3,10,2.24,15,2,18,0,3,0,1,465685,2,0,1,165386.4,0,14.12,184159.55,0,1,41.89908760603256,532.0
28,0,2,1,3,3,0.91,8,2,8,0,2,0,1,474041,2,0,1,210388.5,1,22.42,212630.79,1,1,35.144042234682836,526.0
21,1,0,2,3,16,1.17,8,5,0,0,3,0,0,0,2,1,1,358344.3,0,12.77,122589.99,0,1,95.0727008817715,764.0
31,0,1,1,3,16,1.75,10,5,0,1,2,0,1,261655,2,1,0,386163.47,1,18.22,168032.39,1,1,82.56474182111413,724.0
24,1,1,2,4,5,1.28,1,3,6,0,2,1,0,0,2,1,1,239009.92,0,15.89,139371.07,0,1,80.36365494240482,727.0
35,1,1,2,2,17,2.89,6,3,3,1,3,0,0,0,0,0,1,327179.57,0,14.31,79188.65,1,1,30.13372340055563,447.0
33,1,2,2,3,13,2.87,15,5,0,0,2,1,1,454427,2,1,1,296959.72,0,11.2,169982.46,1,0,88.02620824718836,707.0
22,1,2,2,0,25,1.54,14,5,0,0,3,0,0,0,2,1,1,341144.83,0,13.82,206368.7,0,1,81.68026736796836,726.0
21,1,1,2,0,14,1.64,16,1,1,1,3,0,1,271439,0,1,0,99254.31,0,7.07,199716.8,0,1,29.987001899513146,412.0
29,1,1,1,1,7,1.77,5,0,9,0,2,1,0,0,2,1,0,167380.18,0,13.25,190560.18,0,1,83.93030896061315,682.0
21,0,0,2,2,19,0.56,13,3,12,0,1,0,1,306681,0,1,1,247610.02,0,17.79,73476.93,1,2,50.5556435941037,458.0
22,1,1,1,0,23,2.22,6,2,20,0,2,0,0,0,2,0,1,405618.41,0,8.59,154924.92,0,0,89.71473882883284,694.0
34,0,1,1,0,6,1.87,10,0,2,0,2,0,0,0,2,0,1,410494.19,1,0.99,215981.78,2,1,92.51958232295145,652.0
32,0,1,2,3,10,3.24,15,3,20,0,1,1,1,423513,2,0,1,301008.3,1,7.58,101687.68,2,1,56.0290182529813,577.0
30,1,1,2,0,25,3.34,1,1,9,0,1,0,1,80270,2,1,1,203630.99,0,9.51,94602.92,1,1,80.00362245046983,664.0
18,1,1,1,3,13,2.06,8,3,18,0,3,1,0,0,0,0,1,133284.37,1,11.22,95489.58,0,1,17.23365028061084,347.0
30,1,1,2,1,34,1.79,7,0,1,0,3,1,1,126050,1,1,0,182684.34,1,6.0,86778.75,2,2,58.42666663273981,565.0
27,0,1,2,3,13,1.66,10,2,7,0,1,1,0,0,0,1,0,135744.66,1,9.62,142624.02,0,1,34.79706660517825,511.0
29,1,2,1,1,35,1.94,4,1,19,0,3,1,0,0,2,1,1,282233.67,1,4.52,179570.78,2,2,88.18588012343594,708.0
34,1,2,1,0,22,1.16,10,0,7,1,2,1,0,0,1,1,1,442449.58,0,19.79,157188.47,2,1,86.56653332226037,731.0
28,1,0,2,1,35,1.64,7,0,2,0,1,1,1,326601,2,1,1,275531.55,1,9.66,168198.53,1,2,73.88513610527036,671.0
26,0,1,2,1,15,1.54,13,4,7,0,2,1,1,176044,2,0,1,318568.86,1,10.9,172128.62,0,1,62.11962621024299,620.0
24,1,2,2,1,4,1.01,4,5,0,0,2,1,0,0,2,0,0,393403.38,1,0.9,124275.69,2,1,83.43544299032753,651.0
30,0,2,2,4,32,0.87,1,1,8,1,1,0,0,0,2,1,0,412790.9,1,15.7,274943.37,1,1,92.32391612242982,772.0
20,1,1,1,4,2,2.17,15,1,13,0,2,1,1,493942,2,1,0,395532.38,1,7.75,157666.43,1,2,83.03854588798912,743.0
23,0,0,1,1,35,2.59,4,4,11,1,1,0,0,0,2,1,1,368022.04,1,6.64,161163.54,1,1,85.17385623216742,742.0
27,1,2,2,4,5,2.19,1,5,0,0,2,0,0,0,2,0,0,210647.35,0,6.67,159895.83,0,1,62.4718580129607,597.0
27,0,0,2,2,33,2.46,10,5,0,0,1,0,1,243646,2,1,0,-4592.88,0,1.3,97376.0,0,1,54.91652768413431,590.0
20,1,0,1,4,2,2.52,10,1,1,1,2,0,0,0,2,1,1,449541.37,1,11.0,180445.27,0,2,91.21225165059005,805.0
23,0,2,1,4,8,2.57,8,5,0,0,3,1,1,446965,2,0,1,372823.58,0,1.09,38476.6,0,2,55.30617749363619,599.0
31,0,1,2,2,20,0.8,7,4,6,1,2,0,0,0,2,0,1,423534.87,1,5.61,154994.35,2,2,82.30429036441151,676.0
30,1,0,1,5,28,2.1,9,1,20,0,1,0,1,419705,0,0,1,240667.51,1,12.52,189557.34,1,0,32.40933637558875,366.0
19,0,2,0,2,36,0.85,6,3,14,1,3,0,1,62224,1,1,1,346577.33,0,9.83,253047.97,2,1,66.32483977958591,634.0
30,1,0,1,0,14,1.47,10,1,1,0,2,1,1,348977,0,0,1,234612.01,1,5.9,192166.51,2,2,31.632673960262398,352.0
32,1,2,0,4,32,0.33,1,5,0,0,1,1,0,0,0,1,0,270847.87,1,10.75,169015.34,0,1,37.14584942816776,521.0
33,1,1,2,2,18,2.35,5,1,4,1,1,0,1,333445,2,1,1,210216.99,1,6.42,115578.23,0,1,61.356691124878225,614.0
33,1,0,2,5,12,0.95,1,3,17,1,2,0,0,0,2,1,0,247434.66,1,10.64,154348.51,0,2,91.80432731924172,687.0
20,1,0,2,1,1,2.64,5,1,12,0,2,1,0,0,2,0,1,166179.33,0,9.6,134976.7,1,1,62.23691208613353,569.0
28,0,1,1,4,11,1.76,10,1,16,0,1,0,1,190319,2,0,1,343429.61,1,13.11,214431.16,2,1,57.49686240553795,632.0
35,1,2,2,3,16,1.75,1,3,3,0,2,0,0,0,0,1,1,233709.33,1,12.02,104385.25,2,2,30.70237880094836,500.0
31,1,0,1,0,31,2.0,14,1,13,1,2,0,0,0,2,0,1,465144.98,0,14.63,161433.15,1,2,99.83721145584683,681.0
35,1,0,2,0,6,1.65,14,5,0,1,3,1,0,0,1,0,1,348925.45,0,3.87,214324.1,0,2,33.40217336145506,523.0
35,1,1,1,3,0,3.67,1,1,19,1,3,1,1,268976,2,1,1,258852.88,0,17.53,180758.72,0,2,84.7137860641127,671.0
33,0,1,2,3,0,1.6,16,1,18,0,2,1,0,0,2,1,1,229506.21,1,11.41,141363.16,0,0,82.17905871826686,697.0
31,1,0,2,4,11,2.25,8,3,3,0,1,1,1,65791,2,0,0,219772.0,0,8.53,103165.33,0,0,55.77951481539149,586.0
20,1,1,0,1,4,2.47,5,4,19,1,1,0,1,198469,2,1,0,297982.33,1,14.49,206510.99,0,1,86.29453577079691,674.0
26,1,2,0,5,29,0.73,15,3,10,1,2,0,0,0,0,0,0,175270.74,1,11.56,105716.89,2,2,24.130259439982797,372.0
18,1,2,2,1,7,1.91,4,5,0,0,3,0,1,55796,2,0,1,455630.74,0,0.11,204206.65,2,1,87.26237561950909,685.0
19,0,0,2,3,10,0.32,16,1,11,0,1,1,0,0,2,0,1,405453.58,0,4.06,147505.99,1,1,54.894460769248006,643.0
29,0,0,1,4,5,2.47,2,5,0,1,1,0,0,0,0,1,1,446716.27,0,10.69,95693.69,1,1,61.71938389313203,573.0
30,1,2,0,5,28,1.87,6,5,0,0,2,1,0,0,0,0,1,308025.1,1,5.38,92050.27,2,0,31.5568540373641,433.0
22,1,1,2,4,5,3.03,11,2,4,1,1,1,1,106096,2,1,1,379670.19,0,16.68,168994.6,0,0,92.86997020463434,753.0
35,1,2,1,2,18,2.63,0,5,0,0,2,1,0,0,2,1,1,539155.48,1,9.74,143183.46,1,2,100.0,824.0
35,1,0,2,0,26,0.21,10,1,17,0,1,0,1,377565,2,0,1,298013.9,0,13.3,109802.58,0,0,59.54767503408406,558.0
31,0,1,2,0,22,1.02,1,1,7,0,2,1,0,0,0,1,0,208188.48,0,14.62,97468.83,1,0,43.772951598118844,461.0
27,1,0,2,5,30,3.1,8,5,0,0,3,0,1,472275,2,1,1,262018.86,0,5.97,153784.75,0,1,58.38690514332055,642.0
28,1,2,1,3,13,2.32,15,1,6,1,2,1,0,0,0,1,1,252146.17,1,6.61,170777.54,2,1,40.10551299859219,501.0
30,0,0,2,2,17,2.31,13,3,18,0,2,1,0,0,2,0,1,161769.74,0,3.78,161643.4,0,1,67.38117693477602,573.0
24,1,1,2,3,0,1.78,10,1,17,1,2,0,0,0,2,1,1,262534.6,0,6.14,230476.03,2,2,93.3425590861297,714.0
35,1,1,1,4,2,2.33,10,1,10,1,1,1,1,190749,2,1,1,367539.07,0,4.14,63266.8,2,1,76.93368241810553,739.0
23,0,1,2,2,36,2.83,10,5,0,0,3,1,0,0,2,1,1,315797.43,1,4.42,182546.11,0,2,91.52104911606885,736.0
35,1,0,2,0,31,2.12,1,3,19,0,3,1,1,154292,2,1,1,213120.83,0,7.7,177169.54,0,0,80.98512593224068,676.0
28,0,0,1,3,0,2.72,10,5,0,0,2,0,1,193250,2,1,1,271272.75,1,15.12,129828.12,0,0,84.06805460703215,688.0
18,0,0,1,1,34,1.8,7,5,0,0,2,1,0,0,0,0,0,406008.97,0,15.05,89465.85,2,1,40.66097024912767,495.0
25,1,1,2,0,14,2.17,10,2,16,1,2,0,0,0,2,1,1,584394.74,1,11.43,142639.74,2,2,96.47912982151101,820.0
23,0,1,1,5,12,1.33,9,2,10,1,1,1,0,0,1,1,0,277537.71,1,7.31,70110.19,0,1,62.36019314267815,575.0
29,1,1,1,0,22,1.69,14,1,4,1,2,1,0,0,2,0,1,422780.34,1,12.08,123568.53,1,1,85.82744052173926,657.0
30,1,0,1,1,15,2.09,12,1,2,0,2,0,1,411462,2,1,0,389639.01,0,12.54,140564.49,2,1,87.94590186641263,738.0
22,0,2,1,5,12,1.53,8,5,0,1,3,0,0,0,0,1,0,302986.69,1,16.54,192777.22,1,1,61.98857708154813,553.0
33,1,2,2,0,22,3.41,12,1,14,0,1,0,0,0,2,1,1,323200.63,0,6.93,119582.74,0,1,98.15009051138665,760.0
29,0,1,1,2,18,2.55,10,0,16,1,2,1,0,0,2,0,0,267103.17,1,17.94,182563.75,2,0,69.33525215806483,571.0
22,1,2,1,3,13,3.03,10,1,6,1,3,1,1,154470,0,0,1,400303.9,1,7.27,156299.95,0,1,27.606299110791653,411.0
24,1,1,2,2,19,2.7,5,5,0,0,3,0,1,439821,2,1,0,335142.48,0,15.14,175084.25,1,0,85.67286845015533,667.0
22,0,1,1,4,5,2.8,9,3,4,0,3,0,1,62336,2,1,0,439634.15,1,8.62,142920.35,2,1,94.7154890587441,758.0
24,1,1,2,2,19,1.95,3,4,5,1,3,0,0,0,0,0,1,217049.24,1,12.6,171305.16,2,2,32.50045538999745,410.0
19,1,1,1,2,19,1.5,10,3,13,0,3,1,0,0,2,0,1,526323.28,0,14.54,156173.99,2,1,87.99883412904178,730.0
23,1,0,1,1,35,2.32,12,4,7,0,1,1,0,0,2,1,1,308403.92,1,0.35,116285.49,1,2,82.63879141874577,700.0
26,0,1,2,5,12,1.23,15,3,18,1,3,0,1,491168,1,1,1,187193.74,1,11.63,231042.01,1,1,39.36922730009992,543.0
31,0,0,2,2,19,2.99,10,3,16,0,3,0,0,0,2,1,0,317907.05,1,6.3,85702.23,0,2,89.72751326207886,725.0
20,1,0,2,3,3,2.15,1,2,17,0,1,0,1,470088,2,1,1,377075.02,0,10.86,162160.88,0,1,91.7228070466375,713.0
18,1,1,2,5,24,2.03,15,2,6,0,2,1,0,0,2,0,1,67055.83,0,12.66,241741.01,1,1,42.79412319521602,505.0
30,1,1,2,0,25,2.18,12,1,1,1,2,0,0,0,2,0,1,383783.05,1,14.1,171194.47,0,0,95.01698542066579,653.0
19,1,1,2,4,5,1.18,15,5,0,1,2,1,0,0,2,0,1,259912.6,1,9.19,183068.47,2,1,55.62778775344612,563.0
22,1,2,1,5,28,2.52,9,1,4,0,2,0,0,0,2,0,1,540622.39,0,13.05,46018.34,0,2,90.71470165054082,701.0
32,1,0,2,4,32,1.13,15,5,0,0,2,1,0,0,1,1,1,435643.37,1,20.07,178112.51,2,1,91.62180191003075,684.0
29,1,0,2,3,10,0.99,10,2,18,0,1,0,0,0,1,1,1,381049.75,0,10.18,132793.86,2,1,64.2199735153245,617.0
27,1,0,1,2,36,3.08,0,1,11,0,1,0,0,0,1,0,0,321030.3,1,22.85,176944.05,0,0,39.62951972522369,513.0
19,0,0,2,2,36,1.7,7,0,6,1,1,0,0,0,2,0,1,269912.8,1,16.98,152581.33,0,2,58.942926052181534,609.0
27,1,1,1,5,12,1.78,6,3,6,0,3,1,0,0,1,0,0,192080.31,0,16.37,159887.46,0,1,37.1318091168229,464.0
32,1,2,2,3,3,2.06,16,3,16,1,3,0,1,344366,2,0,0,207244.67,0,11.26,213050.7,0,1,37.95239257214608,531.0
33,1,0,2,0,6,1.84,6,2,20,0,3,0,0,0,2,1,1,485341.08,1,8.34,202192.3,0,0,100.0,785.0
32,1,1,2,1,15,3.72,12,4,19,0,2,1,0,0,2,1,1,460928.25,0,15.46,76176.82,0,0,86.65382024042272,841.0
27,1,1,2,1,1,2.31,4,5,0,0,3,1,0,0,2,1,1,174619.52,1,9.7,83189.52,2,1,90.10230617078913,663.0
21,1,2,0,5,28,1.43,1,3,10,1,2,0,0,0,2,0,0,182089.18,1,10.69,220446.08,1,2,55.50189379021742,577.0
20,1,0,2,3,3,2.42,10,1,8,0,1,1,1,292223,0,0,1,335953.59,0,11.82,250786.31,0,0,20.459429906576773,372.0
21,1,1,2,0,26,2.98,1,0,20,0,2,1,0,0,2,0,1,203479.81,1,9.94,229366.38,0,0,59.750872002144725,602.0
32,1,1,2,0,25,2.41,16,1,16,1,2,1,0,0,2,1,0,270704.54,0,1.74,115570.37,0,2,84.51368551260578,729.0
32,0,1,1,2,33,1.06,6,4,12,1,2,0,0,0,2,1,1,279265.77,1,11.94,108656.77,1,2,89.91513897628425,696.0
19,1,2,2,2,20,1.49,7,1,9,0,1,1,1,71274,2,0,1,417669.7,0,8.74,183601.75,1,1,80.00425657409367,654.0
24,0,1,2,4,11,0.85,9,2,5,1,1,1,1,307416,2,0,1,380176.06,1,16.46,112541.41,1,0,60.90545111360121,613.0
32,1,2,2,0,23,2.44,12,1,13,1,2,0,0,0,1,1,1,208103.09,0,15.63,182447.18,0,2,58.671152503297954,565.0
34,0,0,2,0,22,1.47,12,0,3,0,1,1,1,192487,1,1,0,388149.89,0,10.16,184503.68,1,2,85.83402640544517,661.0
25,1,0,2,1,35,1.02,13,0,15,0,3,1,0,0,2,0,0,104266.14,0,5.02,33890.93,0,1,40.23673932358362,527.0
32,1,2,2,0,23,1.7,10,1,11,1,2,0,0,0,2,1,0,458806.08,1,2.78,184343.76,0,1,95.03596407616214,800.0
24,0,0,2,2,33,1.13,0,1,16,0,3,1,0,0,2,0,1,348135.4,0,8.85,198505.05,1,1,54.93323646392068,637.0
35,0,0,2,5,29,1.06,8,5,0,0,2,0,1,176839,0,0,0,347665.1,0,22.72,99688.71,0,2,23.503788492302277,398.0
18,1,1,2,5,30,2.83,6,1,13,0,3,0,0,0,2,1,0,243211.07,1,17.24,196932.0,2,1,90.73374245157582,705.0
31,1,0,2,2,36,1.73,0,1,6,0,3,1,0,0,2,1,1,387318.31,1,9.22,50797.8,1,1,81.21419773650771,715.0
23,0,1,2,4,32,0.68,15,1,17,0,3,1,1,298018,2,1,0,302010.65,0,8.78,174583.44,1,1,92.66529707532797,701.0
19,1,0,1,3,0,2.33,10,3,7,0,1,1,1,311674,2,0,1,195284.24,0,10.73,206490.14,1,1,35.98728977960529,535.0
27,1,1,2,1,15,2.97,13,4,7,0,3,0,0,0,2,1,1,329879.78,0,9.85,115714.41,1,1,86.49775193549571,720.0
28,1,2,2,0,23,1.37,10,1,1,1,1,1,1,259699,2,0,1,307305.82,0,8.4,29746.52,0,1,56.0104599172939,612.0
27,1,2,2,3,0,2.21,16,3,7,0,2,1,1,237840,1,1,0,266605.44,0,0.13,184031.75,2,2,55.55680029289633,550.0
27,0,1,2,2,20,0.57,0,0,10,0,1,1,0,0,1,1,0,390092.92,1,10.15,175832.22,0,1,62.902755084752265,640.0
19,1,2,2,1,1,0.44,12,4,16,0,2,0,0,0,2,1,1,583349.56,0,3.33,161491.16,0,1,95.77621687203732,802.0
24,0,0,0,2,36,2.03,0,4,16,0,3,1,0,0,2,1,1,184178.57,0,9.14,172161.9,0,1,84.95378232589363,673.0
34,0,0,1,2,21,1.59,5,4,4,0,1,1,0,0,2,0,1,481889.85,1,10.95,246562.65,0,1,78.2904352552561,728.0
24,1,1,2,2,18,3.15,7,3,17,0,2,0,0,0,2,1,1,414314.85,0,7.02,66276.53,1,1,100.0,751.0
31,1,0,2,2,36,2.31,13,1,15,1,2,0,1,318227,2,1,1,366603.46,0,0.46,147305.4,0,1,92.86942712668356,723.0
18,0,1,1,2,20,1.08,3,4,12,1,2,0,0,0,2,0,1,243460.7,0,18.61,159981.9,0,0,64.68247243625935,584.0
18,1,0,2,1,1,1.34,7,5,0,1,1,0,0,0,2,0,0,230228.11,0,12.35,180837.27,0,0,58.57843232380344,599.0
20,0,1,2,4,2,1.92,2,2,9,0,2,1,0,0,2,1,1,319684.35,0,15.95,228607.77,0,0,91.03476409472893,735.0
33,1,1,1,1,7,1.78,12,5,0,1,2,0,1,351364,1,1,0,301970.19,0,5.53,176213.35,0,1,44.754697276497915,546.0
34,1,1,1,1,4,2.16,5,1,5,0,3,1,0,0,0,0,0,193749.24,1,11.27,105137.25,2,1,32.58868823803411,374.0
27,0,1,1,1,34,2.32,7,5,0,0,1,0,0,0,2,0,1,311163.0,1,8.54,129812.23,1,0,57.57758554776467,630.0
24,1,2,1,5,24,2.69,2,5,0,0,2,0,0,0,2,1,0,261950.76,0,10.85,103900.37,1,0,80.81613893600316,718.0
30,0,1,2,3,13,3.26,16,2,5,1,1,1,0,0,2,0,0,328791.48,1,13.43,42313.47,0,2,61.36969154233415,633.0
28,0,1,1,0,31,2.09,10,1,4,0,2,0,0,0,2,0,1,196363.51,0,7.62,208675.54,0,2,64.41593380904816,572.0
35,0,1,0,0,22,2.23,1,1,19,0,3,1,1,172431,2,1,0,322976.39,1,8.39,70718.71,0,2,81.80052958527527,727.0
25,0,0,1,2,19,3.32,3,0,13,0,1,1,0,0,1,1,1,188537.46,1,9.45,135425.53,1,1,46.583211536366925,578.0
33,1,1,2,3,13,2.7,16,2,13,1,1,1,0,0,2,1,1,428709.21,0,14.1,190865.31,2,2,88.1962129583928,780.0
24,0,2,2,5,27,3.13,1,5,0,1,1,0,0,0,2,0,1,178604.19,0,18.83,289302.5,1,2,59.8346146361144,602.0
18,1,2,1,5,29,1.63,8,3,13,1,3,1,1,484895,2,0,1,538796.77,0,4.94,161178.87,1,0,91.84157779704941,700.0
30,0,1,1,4,5,1.56,15,5,0,1,3,1,0,0,2,1,1,285734.58,1,13.02,68593.66,0,1,87.5397721632988,714.0
30,0,0,2,2,20,2.75,7,3,2,1,3,1,0,0,2,1,1,311677.31,1,13.53,161399.56,0,2,79.01814695564201,718.0
29,1,1,2,2,17,4.34,6,0,16,1,1,1,0,0,2,0,1,213924.32,1,14.11,108150.98,0,0,56.073213283837845,593.0
33,0,0,2,4,8,2.95,11,5,0,0,2,1,1,401814,1,1,0,427152.41,1,4.14,87970.32,0,1,60.18232016387637,626.0
30,0,1,2,1,1,0.62,7,4,13,1,3,1,0,0,2,1,1,389597.27,1,19.46,105814.04,2,1,85.02486609432975,737.0
18,1,0,0,4,5,1.28,15,3,12,1,2,0,0,0,2,1,1,265541.35,1,0.72,118417.08,1,2,77.71859728181815,723.0
28,0,2,1,5,27,2.46,9,2,11,0,3,1,0,0,2,1,1,473965.94,0,10.16,123147.02,1,1,98.19501739717886,806.0
34,1,1,2,1,4,1.36,6,5,0,0,1,0,0,0,2,1,1,339804.16,1,14.91,183470.81,0,1,86.35567797873465,743.0
30,0,2,2,3,10,0.12,16,2,16,0,2,1,0,0,2,1,0,443966.9,0,15.15,70516.96,2,1,87.18048215854263,796.0
23,1,1,1,3,10,1.5,8,2,4,0,3,1,0,0,1,1,1,356065.25,0,14.8,147942.64,2,1,87.1437481102738,651.0
27,1,1,1,5,24,1.39,2,1,3,0,1,0,1,253180,1,0,0,297150.85,1,14.83,229586.29,2,1,34.92159668037837,480.0
23,0,1,2,3,0,2.66,16,5,0,0,3,1,1,258590,1,1,0,255366.79,1,5.08,143024.09,0,0,69.05194497339153,573.0
27,0,0,2,3,13,0.77,10,2,16,1,2,0,1,219564,1,1,1,430064.52,0,8.19,187091.11,0,1,90.26983921785917,663.0
22,0,1,2,2,20,2.04,3,5,0,1,1,1,1,496300,2,0,1,391102.73,0,0.71,124232.29,1,1,60.88909409496926,620.0
26,0,2,1,4,11,2.53,1,2,8,0,3,1,0,0,2,0,1,306936.78,1,10.63,188899.33,0,2,53.34165592714982,596.0
31,1,1,2,5,24,3.1,2,1,2,0,3,1,0,0,2,1,1,371634.01,0,18.2,134753.07,0,1,100.0,751.0
23,1,1,2,0,23,2.35,1,0,7,0,3,1,0,0,2,0,0,327397.89,1,5.37,144316.67,2,1,49.57689281323062,640.0
29,0,1,2,0,14,2.5,6,5,0,0,3,0,1,231601,0,1,0,190009.12,1,0.39,138236.3,1,2,40.51939426277793,480.0
19,0,2,2,4,5,3.39,1,1,1,0,1,0,1,415301,1,0,0,478734.64,1,2.33,194614.35,2,1,57.464572553833925,573.0
33,1,1,2,1,35,2.59,6,5,0,0,2,1,1,374601,1,0,1,274342.66,0,3.3,134027.97,1,2,41.05991173786092,461.0
27,0,1,2,3,16,1.1,10,1,11,1,1,0,0,0,2,0,1,380926.47,1,8.48,124846.53,2,1,93.31106786436105,653.0
19,1,1,1,2,33,1.6,10,3,12,0,1,0,1,224898,2,0,1,222083.64,1,12.46,138545.95,0,1,55.19505820689222,578.0
21,1,2,1,5,30,2.57,6,5,0,0,3,0,0,0,2,1,0,213943.02,0,9.39,154789.84,2,2,88.42421121756642,696.0
23,0,0,2,2,20,1.33,7,1,8,0,3,1,1,65052,2,1,1,183888.76,0,8.45,128196.17,0,2,85.92266511843023,684.0
28,0,0,0,0,23,1.78,10,1,16,0,1,1,1,419775,2,1,1,208263.37,0,10.19,134265.46,0,2,55.765160073531476,629.0
29,0,2,1,1,35,1.5,13,1,15,0,2,0,1,255599,2,1,1,233007.94,1,17.04,138595.34,1,1,83.21152095165633,683.0
21,1,0,2,0,6,3.25,6,1,5,0,3,0,1,361207,2,0,0,386806.52,0,3.66,239329.85,2,1,59.33781336978065,630.0
29,1,2,2,1,1,0.78,5,0,8,0,3,1,0,0,2,1,0,442462.77,0,11.56,98675.29,0,1,99.17558649206437,810.0
24,0,1,2,1,15,2.28,5,5,0,0,1,0,0,0,2,1,0,366598.97,0,17.7,212767.49,0,0,92.77357086449592,750.0
32,1,1,1,0,31,2.5,10,0,9,0,2,1,0,0,2,1,0,425985.62,0,9.92,207841.69,0,2,96.84967246311767,801.0
22,1,2,2,3,16,3.66,1,2,14,0,2,1,0,0,2,1,1,275903.94,1,16.63,244480.5,0,1,88.45249848046711,736.0
33,0,0,2,1,7,3.04,13,4,1,1,1,1,0,0,1,1,0,346316.21,1,7.95,200881.85,0,2,56.53705795461131,623.0
26,0,1,2,2,19,1.78,6,0,6,0,3,0,0,0,2,1,1,182223.85,1,3.6,92087.0,1,1,86.51471907244952,661.0
30,1,0,1,0,23,2.92,10,2,12,0,2,1,1,489844,1,1,1,368706.71,0,7.94,199567.61,2,0,54.43749037376729,592.0
29,1,1,0,0,23,1.35,6,5,0,1,3,0,0,0,1,1,1,95048.55,1,8.03,111879.1,0,0,65.32049925760086,565.0
18,1,1,2,4,8,1.98,9,5,0,0,1,1,1,87805,2,1,1,125626.03,1,5.11,239924.0,0,2,86.41953872117942,657.0
33,1,1,1,5,30,2.35,8,5,0,0,1,0,0,0,2,0,1,231488.4,0,15.46,189122.18,1,2,78.41440280993761,659.0
32,1,0,2,4,9,1.55,1,3,7,1,3,0,1,119803,2,0,0,127090.08,1,10.72,145764.48,2,2,50.5757746382389,563.0
22,1,2,2,1,7,2.09,12,0,8,0,2,1,0,0,0,1,1,306720.35,1,1.22,115242.53,0,0,38.05304110045431,503.0
34,1,2,2,1,35,2.52,4,0,6,0,2,1,1,67862,2,1,1,192046.71,1,9.8,87315.54,2,2,78.05317253956459,679.0
25,1,1,1,0,26,2.73,14,0,16,1,1,1,0,0,2,1,1,324100.03,0,14.27,211783.03,2,1,76.55945326154526,701.0
24,1,2,1,5,30,1.43,15,3,8,1,2,0,1,226774,2,0,0,281269.58,1,11.45,186977.26,2,1,64.64933173762577,580.0
22,1,0,0,4,5,0.73,9,1,4,1,2,0,1,251264,2,1,1,278129.36,1,14.47,111683.87,2,1,87.60738537226835,702.0
26,0,1,2,5,27,2.44,2,2,2,0,1,0,0,0,2,1,1,233760.09,0,18.25,118539.39,2,1,85.78305037402822,677.0
32,1,1,2,2,21,0.54,7,5,0,0,2,1,1,394159,0,0,1,188415.65,1,10.05,83199.86,2,1,30.330246275036462,348.0
25,0,1,2,0,31,1.91,16,0,7,1,3,0,0,0,2,0,1,254610.86,1,16.39,37738.51,1,1,58.739568947111465,585.0
24,1,1,1,1,34,0.99,5,4,16,0,3,1,0,0,2,0,1,299882.88,0,9.54,151499.48,0,1,57.9812421263874,629.0
19,1,0,2,2,33,0.91,10,5,0,0,3,1,0,0,2,0,1,329095.96,0,7.11,137099.57,0,1,81.53803971166346,656.0
18,1,0,1,2,18,2.44,6,3,8,0,3,1,1,291121,2,0,1,310131.03,0,4.58,183044.86,1,2,67.82806658448362,580.0
20,0,2,1,5,29,2.7,1,5,0,0,1,0,0,0,1,0,0,335105.25,0,4.44,182204.77,1,1,33.77098580921172,542.0
25,1,1,0,3,3,1.27,8,2,10,1,1,1,1,432465,2,1,0,281098.57,1,16.82,180715.92,1,0,75.51000923064235,650.0
31,0,1,2,5,30,3.43,2,1,17,0,3,1,0,0,2,0,1,231225.55,0,8.16,164378.2,0,1,51.308155602419404,600.0
29,1,1,2,0,6,1.67,10,0,7,0,3,1,0,0,2,0,1,242142.62,1,18.75,148424.07,0,2,50.50763819172177,547.0
34,1,1,2,2,36,-1.7,6,5,0,1,1,0,1,340604,2,0,1,307524.86,0,17.23,127007.04,0,1,59.055654358318804,570.0
31,1,1,1,5,12,0.21,9,1,7,0,3,1,0,0,2,0,0,408314.52,1,0.92,83960.3,1,0,58.23675126764956,643.0
29,0,0,1,3,13,0.76,10,1,19,1,2,0,1,159599,2,1,1,408251.46,1,9.02,138372.18,1,0,90.3867776623433,749.0
34,1,0,1,1,15,0.93,12,4,5,1,3,0,1,124779,2,1,0,294845.78,0,12.77,190218.79,2,1,89.05542774984617,748.0
20,0,0,2,2,18,2.12,6,4,18,1,3,1,1,75816,2,1,1,382016.5,1,14.98,121088.99,1,2,95.98127592009538,770.0
19,1,2,2,2,36,2.07,3,4,4,1,1,1,0,0,2,0,0,554725.97,0,18.04,217672.68,1,2,85.07165167533186,748.0
19,1,0,1,0,6,3.49,12,3,18,1,1,1,0,0,1,1,1,365982.83,0,9.72,162650.42,0,1,82.7821999999472,668.0
25,1,1,2,0,26,1.66,12,0,18,0,1,0,0,0,0,1,1,228848.9,1,0.45,188478.26,0,2,35.97227489757018,541.0
27,0,0,1,5,29,1.73,1,3,18,0,1,0,0,0,2,1,1,297261.57,0,2.33,227952.43,0,1,84.16714814138278,706.0
24,1,0,1,5,30,1.75,8,2,13,0,3,1,0,0,1,1,1,451613.59,1,8.46,44770.86,0,2,83.95119859979579,672.0
25,1,2,0,4,5,3.77,11,3,17,0,2,0,0,0,2,1,1,319950.73,0,9.62,188790.98,1,0,89.33552745952203,719.0
23,0,0,1,0,31,2.63,10,0,6,0,3,0,1,252259,2,1,0,261237.02,1,16.57,102562.57,0,0,82.68880448497288,675.0
33,1,1,1,3,0,0.16,10,3,18,0,1,1,1,189344,2,0,1,128281.75,0,7.19,152884.86,0,2,50.76813860996726,539.0
31,1,2,1,3,16,1.47,16,1,6,0,3,0,1,322673,0,1,0,435306.92,1,5.11,151808.44,1,0,66.42052482463147,562.0
32,0,0,2,1,35,-0.03,7,5,0,0,2,0,0,0,1,0,1,263739.72,1,14.88,163229.53,0,1,37.83127688441414,499.0
19,1,1,2,0,22,1.3,14,0,4,1,1,0,0,0,2,1,0,341462.54,0,15.1,251078.59,1,2,88.12713645374535,717.0
19,1,1,1,4,2,2.63,8,1,15,0,3,0,1,241889,1,1,1,461991.53,0,19.9,182118.28,0,1,90.69145109521799,672.0
27,1,2,1,2,19,1.41,6,5,0,0,1,1,0,0,1,1,1,455519.85,0,3.05,201642.91,1,1,64.86935256480047,633.0
22,1,0,0,5,28,0.88,2,5,0,0,2,0,1,119767,2,1,1,233486.5,0,5.73,117840.83,0,2,84.3001032132212,691.0
18,1,0,2,4,11,1.53,11,2,3,0,1,1,0,0,1,0,1,498563.77,0,12.18,170060.36,0,2,62.311633257696066,616.0
20,1,1,1,5,30,-0.55,9,5,0,1,3,0,0,0,2,0,0,332498.46,1,8.38,146671.92,0,2,89.09333003940128,697.0
25,0,1,1,0,31,0.45,16,5,0,0,3,0,0,0,1,1,0,220337.91,1,18.43,133491.52,0,1,55.867409486074756,568.0
33,1,2,1,0,26,1.6,14,3,12,0,1,1,1,127338,2,1,1,245643.32,1,15.14,112807.03,0,1,82.17190377759725,706.0
23,1,1,2,3,3,1.0,8,5,0,0,3,1,1,52019,2,1,1,247307.5,0,4.41,226959.86,2,1,85.01484068402503,719.0
32,0,2,1,2,20,2.44,5,4,17,0,1,0,0,0,1,1,1,344882.01,0,18.92,263626.82,1,0,66.36513709332169,608.0
23,0,2,2,1,1,1.96,7,5,0,0,1,1,0,0,2,0,1,126219.54,1,16.54,103149.87,1,0,39.79466709905327,538.0
28,0,1,1,4,5,1.12,11,5,0,0,2,0,0,0,2,0,0,368034.26,1,8.63,184766.13,0,0,88.05622614857303,656.0
22,0,0,1,3,10,0.96,15,1,5,0,3,0,0,0,2,0,0,430036.58,0,14.66,169768.68,0,1,85.00469316363912,703.0
26,0,0,1,1,7,2.21,6,1,1,0,2,0,1,146359,2,0,0,496754.07,1,4.84,254550.43,1,0,76.77344638470738,704.0
25,1,1,1,3,16,1.5,10,5,0,0,3,0,1,86355,2,1,0,312773.46,1,2.99,193921.75,2,2,85.25890897120648,678.0
27,1,2,2,4,5,1.72,10,2,16,1,3,0,1,71292,2,0,1,243273.83,1,10.8,115214.04,0,2,58.411566055622984,597.0
19,1,1,0,2,33,1.27,5,0,7,0,2,1,1,165503,0,1,1,394240.93,0,12.55,70466.94,1,1,60.91181323662587,552.0
19,0,0,0,5,24,2.04,9,2,6,0,2,1,1,315808,2,0,1,282848.09,1,7.89,181067.34,0,0,62.745303706306125,617.0
27,0,1,2,0,26,0.34,16,0,18,0,1,0,0,0,2,1,1,270799.33,0,8.2,181126.57,0,1,98.53983751572866,711.0
27,1,1,2,4,11,2.14,11,5,0,0,3,1,1,216052,2,1,1,17289.86,1,18.63,156092.22,1,0,55.43949456748339,638.0
24,1,0,1,2,21,1.57,10,0,15,0,1,1,0,0,1,1,1,220752.96,1,13.05,157679.96,1,1,64.76805025099868,599.0
29,1,2,0,4,8,3.02,2,2,12,0,3,0,0,0,2,1,1,259662.03,1,14.72,115449.29,0,1,87.57485380316989,718.0
29,0,0,0,5,12,2.79,6,2,10,0,1,0,1,358697,2,0,0,434913.51,0,2.41,174829.21,1,2,87.7882522978026,659.0
21,1,2,2,2,33,1.86,0,5,0,0,2,1,1,386279,2,0,1,247484.15,1,6.44,143494.72,1,1,48.940034227036136,552.0
19,1,1,2,3,16,1.27,1,2,10,0,2,1,1,343427,0,1,0,160077.17,1,1.19,142277.91,2,1,36.91833863477551,451.0
34,1,1,2,1,15,0.96,7,0,8,1,3,1,1,169783,2,0,1,402243.59,0,8.39,216858.86,0,0,90.37307423393024,650.0
19,1,1,2,2,19,1.96,7,1,5,1,1,0,1,90910,2,1,1,265948.8,0,15.47,304671.48,2,1,84.02647841735515,731.0
27,0,2,0,0,6,1.34,14,0,15,0,3,1,1,54889,1,1,1,147367.72,0,8.83,223786.63,1,1,36.69652457109604,539.0
19,0,0,1,5,28,2.1,9,3,4,1,1,0,1,80105,0,1,1,93236.94,1,11.56,111892.91,0,2,33.290269795496016,450.0
21,0,1,1,5,12,1.33,15,1,8,0,3,0,0,0,0,0,0,366284.11,1,8.14,126318.01,1,1,32.26745638413242,436.0
35,1,0,2,4,9,2.53,9,5,0,0,1,0,0,0,2,1,1,219447.33,0,4.79,160632.3,1,1,87.63743597355867,711.0
23,1,1,1,2,21,0.61,10,4,5,0,2,1,0,0,2,1,1,461712.68,0,9.02,177316.59,0,1,92.25329888433184,780.0
23,1,0,0,5,29,2.33,6,1,4,0,3,0,0,0,1,1,0,166685.2,1,5.91,194889.35,1,0,60.799157824377765,580.0
24,1,1,0,1,1,3.64,12,1,19,0,1,0,0,0,2,0,1,156864.52,1,7.98,150089.74,0,2,35.76223838641558,541.0
26,1,1,0,4,5,0.94,15,2,13,0,2,0,0,0,2,1,1,479906.42,1,12.9,74741.52,0,1,96.09566432755932,801.0
35,1,1,0,4,5,2.8,10,5,0,0,2,1,0,0,1,0,1,463322.95,1,9.39,222934.07,1,2,61.775436728100615,575.0
32,0,0,0,5,24,1.71,2,5,0,0,3,0,0,0,1,0,0,344414.52,0,11.08,113659.05,0,1,64.76623959521685,573.0
29,1,2,2,3,16,2.11,10,5,0,0,2,1,1,115642,2,0,0,220654.03,0,3.15,209741.45,0,1,55.34017908508697,582.0
35,0,1,2,5,27,1.97,8,5,0,0,3,0,0,0,2,1,1,127899.57,0,10.78,130085.85,2,0,88.99755935578398,652.0
33,0,0,1,5,24,2.98,15,5,0,1,2,0,1,170179,1,0,1,393087.45,1,13.53,142708.52,0,0,48.60140896692599,545.0
34,1,1,2,2,17,1.54,7,1,20,0,3,0,1,205183,2,1,1,231840.22,0,12.19,76371.5,1,2,83.41030500602153,653.0
29,1,2,1,0,6,1.87,6,5,0,0,1,0,0,0,1,0,1,350866.98,1,3.68,198401.25,0,1,56.99298230510086,561.0
19,1,2,1,0,22,3.15,16,2,18,0,3,0,0,0,2,1,1,243283.98,0,24.33,104900.37,1,2,77.9187719176555,675.0
19,0,0,2,2,19,1.91,13,1,7,1,3,1,1,437758,2,1,1,231127.58,0,12.96,146006.65,1,1,65.1434853952108,632.0
24,1,1,2,3,0,1.81,16,1,14,0,1,0,1,346784,2,1,1,315966.06,1,7.38,270306.12,2,1,79.88000006257141,682.0
33,0,1,1,4,11,1.49,10,1,4,0,2,0,0,0,0,0,0,298888.14,0,9.17,151555.03,0,2,35.76105067570425,396.0
29,0,1,2,5,27,2.3,6,5,0,0,3,1,0,0,1,1,0,374244.42,1,14.55,76017.77,1,1,56.5711716769186,640.0
21,0,2,1,4,32,3.07,11,3,7,1,2,1,0,0,2,1,1,-5601.22,1,2.78,172242.68,0,2,55.27130143230392,604.0
19,0,2,0,2,33,1.16,5,4,13,0,2,1,1,54369,0,1,1,263119.18,0,7.43,149836.28,1,2,40.53985709804424,502.0
33,1,0,2,2,36,2.3,7,4,17,0,2,1,1,443238,2,1,1,331238.72,1,3.26,128512.88,1,1,84.62483442103304,731.0
20,0,1,1,4,9,0.63,15,5,0,0,2,0,0,0,2,0,1,369267.2,0,11.01,139372.5,0,2,56.046377212144925,648.0
26,1,0,2,3,10,3.11,15,1,18,0,3,0,1,138771,2,0,1,342582.45,0,13.39,183410.66,1,0,82.80051235392224,697.0
32,1,1,2,3,3,0.33,16,2,7,0,3,0,0,0,2,0,1,326653.79,1,0.94,102465.47,1,1,55.36413054383213,609.0
26,1,0,2,3,16,3.93,8,1,19,0,3,1,0,0,2,0,1,189674.93,1,3.55,134083.3,0,2,63.426504295433524,583.0
33,1,1,0,2,33,0.82,3,3,20,0,3,1,1,371345,2,1,1,377050.1,0,11.13,153058.13,0,1,92.86528003836821,666.0
22,1,1,2,2,19,1.04,6,4,6,0,2,0,0,0,2,0,1,220713.79,1,16.69,61991.94,1,1,59.284898979864195,577.0
35,1,0,2,3,13,2.05,15,1,12,0,3,1,0,0,2,0,0,122025.7,1,4.75,192305.92,0,1,55.04626217812748,559.0
31,0,0,1,1,1,3.15,7,0,2,0,2,1,0,0,0,1,1,422438.93,0,16.62,176482.15,2,1,56.33073018802114,572.0
34,0,1,2,3,16,0.24,10,1,20,0,1,1,1,179473,2,1,1,173101.74,1,8.84,150527.29,0,2,82.89205371148506,664.0
21,1,0,2,3,16,2.79,16,5,0,1,2,0,1,112708,1,0,1,361895.92,0,10.5,139302.23,1,1,44.09075506559046,526.0
34,1,1,1,4,32,1.41,2,2,13,0,2,0,0,0,2,0,1,392270.23,0,7.48,74005.36,0,0,85.06889818363307,668.0
21,0,1,2,4,2,2.04,2,1,9,0,1,0,1,299975,1,1,1,378804.91,0,5.96,137557.61,1,0,62.307320880719125,609.0
25,1,1,2,3,16,0.7,15,3,3,0,1,1,0,0,2,1,0,176203.66,1,10.27,83686.89,2,2,82.73953600020096,672.0
33,1,1,2,5,30,1.73,15,3,10,0,3,0,0,0,2,1,1,324943.43,0,21.03,153982.48,1,1,91.91063052292239,735.0
29,0,1,1,0,22,3.2,16,5,0,0,3,0,1,193266,1,0,1,260367.56,1,7.47,161993.64,1,2,44.4955676356786,456.0
21,0,0,2,0,26,3.25,1,1,3,0,1,1,0,0,0,0,0,222075.22,0,6.51,223278.91,1,1,23.18737313758139,422.0
23,0,0,1,4,8,3.62,15,1,6,0,1,1,0,0,2,0,1,203510.67,1,6.58,127797.82,1,1,70.15207065894865,599.0
31,1,0,1,5,12,2.33,9,2,5,1,3,1,0,0,2,0,1,314779.9,1,14.38,145921.76,0,1,78.53082473901298,655.0
18,0,1,2,2,21,0.52,3,1,19,1,1,1,1,330118,2,1,1,405780.1,0,5.68,206781.03,2,1,86.89731195369869,732.0
34,1,1,1,4,9,4.38,2,5,0,0,1,0,0,0,2,0,1,288359.51,1,12.29,223389.17,0,0,66.88675955053274,611.0
25,0,0,1,3,0,0.16,8,2,6,1,1,0,0,0,1,1,1,221641.49,1,15.69,85772.38,1,1,60.49335658240409,615.0
24,1,1,1,2,17,2.05,13,4,14,0,3,1,0,0,2,0,1,265520.39,0,2.1,104993.26,0,1,62.21825366525491,592.0
19,1,2,0,4,9,2.15,11,5,0,0,3,0,1,306356,2,1,1,282874.37,1,12.1,134704.28,1,2,84.6135704797257,674.0
23,1,1,2,1,35,1.61,4,1,9,0,2,1,0,0,0,1,1,315785.35,0,11.87,177935.94,2,2,41.46091895704187,522.0
26,1,1,1,4,5,1.82,9,5,0,0,3,1,0,0,2,1,1,279416.01,0,9.91,115730.74,1,2,87.81647275582758,701.0
22,0,2,1,4,2,2.16,10,1,16,0,3,0,0,0,2,0,1,332582.19,1,11.17,208249.54,0,0,83.28450598233644,691.0
31,1,0,1,5,24,4.12,2,3,10,1,2,1,0,0,2,0,1,167508.4,1,12.24,166231.84,1,1,59.50996906355856,561.0
26,0,0,1,3,10,0.22,16,5,0,0,1,0,1,264838,0,1,1,246699.59,1,11.1,159042.63,0,1,37.331701488512465,481.0
21,1,0,0,1,15,2.19,6,1,4,0,2,0,1,248382,2,1,0,214881.95,1,8.74,169441.71,0,0,57.39253243187054,639.0
35,0,0,1,1,7,2.34,13,5,0,0,3,1,1,397786,2,1,0,367575.19,0,2.05,214658.9,0,2,87.79799089934096,696.0
22,1,1,2,1,4,1.76,6,1,17,0,2,0,0,0,2,1,1,314151.78,0,19.92,187858.84,0,2,83.21707157703854,717.0
34,1,2,0,4,32,1.12,11,3,14,1,1,0,1,283614,2,1,1,384780.1,0,3.14,134718.38,0,1,83.012215570316,705.0
30,1,1,2,2,21,0.01,5,4,20,0,2,1,1,291472,2,0,1,280069.47,0,15.17,123933.19,0,1,58.70704756631157,579.0
31,0,1,2,4,2,2.66,2,1,7,0,3,1,1,355866,2,0,1,303804.38,0,7.63,165990.58,2,2,57.68020284218648,606.0
30,0,1,1,4,8,1.74,11,5,0,1,1,0,0,0,2,0,0,196792.92,0,7.82,134416.21,0,1,62.3987415675614,553.0
31,1,1,2,2,21,3.29,7,5,0,0,1,1,0,0,2,0,0,257520.64,1,1.77,150912.62,1,2,49.75103427566272,601.0
22,0,0,1,3,0,2.55,1,2,11,0,1,0,0,0,1,1,1,312936.77,0,9.52,210216.31,2,0,51.44263622539214,592.0
19,0,1,2,3,13,1.07,10,5,0,0,3,1,0,0,2,1,1,310156.24,0,3.78,183946.02,2,1,80.33638981945381,734.0
33,1,1,2,1,1,2.6,12,4,2,0,2,1,1,450498,2,0,1,406689.46,1,16.67,135577.89,0,1,56.820721871538595,601.0
27,1,1,2,3,16,2.69,1,3,18,0,1,1,1,192063,0,0,1,458449.44,1,1.74,238305.83,2,1,36.91800003146508,486.0
27,1,1,0,5,28,1.52,6,3,13,0,3,0,1,268339,1,1,1,405225.59,0,8.59,202638.45,2,2,56.735211802388314,649.0
22,1,1,1,1,4,1.74,12,0,13,0,3,0,1,166360,2,1,1,275297.69,0,8.27,186325.3,2,1,95.46688717127851,716.0
25,0,0,1,1,35,2.78,6,1,12,1,1,1,0,0,1,0,0,236657.42,0,11.04,195937.69,2,2,38.297207727039456,464.0
32,1,2,1,0,31,2.49,16,1,11,0,3,0,0,0,2,0,1,266314.7,0,9.83,195285.88,1,2,60.12902799395861,632.0
18,0,0,2,0,25,2.85,6,5,0,0,2,0,0,0,2,0,0,364825.27,1,0.44,130323.52,1,2,55.71209432008079,627.0
18,1,0,1,5,30,3.09,6,5,0,0,1,1,1,180672,2,1,0,131629.44,1,4.07,182202.68,0,1,59.95486284842587,628.0
29,1,0,2,1,1,-0.43,6,0,4,1,2,1,1,176998,2,1,1,382243.23,1,3.7,22986.83,2,1,92.84508913505863,697.0
24,0,0,2,2,36,0.05,5,1,13,0,1,0,0,0,2,0,0,268960.32,1,7.51,164704.1,2,2,56.09525245081018,582.0
33,0,0,2,0,23,3.86,1,3,1,0,1,0,0,0,2,0,1,122628.09,1,13.88,175723.8,0,1,58.43002386562401,573.0
28,1,1,1,2,33,1.51,5,1,2,0,2,0,1,222648,2,1,1,212036.11,0,9.01,139707.85,0,2,51.8132721670625,620.0
28,1,1,1,5,24,2.35,15,2,20,1,1,0,1,387358,2,0,1,284953.01,1,14.9,58476.56,0,1,45.12490546088339,549.0
32,0,0,2,3,3,4.04,15,5,0,0,3,0,0,0,2,0,0,435224.41,0,18.82,193154.39,2,1,88.54799136975942,700.0
29,1,0,1,4,9,2.29,10,2,9,0,1,1,0,0,2,1,1,169053.75,0,6.47,185979.97,0,1,85.72490895127225,671.0
35,0,0,1,4,32,1.58,8,5,0,0,2,1,1,396734,2,0,0,143958.05,1,18.56,117722.41,2,1,43.091462844691165,528.0
18,1,1,2,0,22,5.15,14,2,17,0,2,0,1,330621,2,1,1,410560.08,0,6.37,96002.16,2,1,92.6737180315375,733.0
28,0,2,0,0,31,2.34,14,3,17,1,3,0,1,327941,2,1,1,287160.17,1,12.65,165224.61,1,1,80.13757392026679,690.0
24,1,0,1,4,9,0.93,2,5,0,0,3,0,1,343076,2,0,0,202221.78,0,7.47,156440.1,1,1,58.90496856500483,576.0
35,1,0,2,2,33,2.38,13,0,11,1,2,1,0,0,2,1,1,215273.07,0,12.19,112472.64,0,1,58.52140166327486,645.0
25,0,2,1,0,26,1.01,10,2,16,0,1,0,0,0,2,0,1,524092.66,0,5.04,169130.0,2,1,82.561291357018,694.0
33,0,1,2,1,15,0.19,12,4,1,1,3,0,0,0,1,1,0,363705.18,0,4.88,149132.93,1,0,73.49190070151779,702.0
18,1,2,2,0,23,2.31,14,3,5,0,2,1,1,484737,2,1,0,258569.56,0,10.59,107695.14,0,1,56.97895588944061,614.0
27,1,0,2,1,7,2.19,5,0,10,0,2,1,0,0,1,0,1,284288.67,1,6.97,148764.07,2,0,39.00984088763564,511.0
29,1,2,2,4,11,1.09,15,1,19,0,3,1,0,0,2,1,0,332545.27,1,11.53,207404.54,0,2,96.75944815301982,766.0
27,1,1,2,0,23,1.82,10,2,20,0,3,0,0,0,2,1,0,212770.02,1,19.18,124686.34,0,2,80.68291574222151,666.0
22,1,1,1,2,20,2.84,6,3,4,0,2,0,1,289647,2,1,1,329369.03,1,8.59,147496.73,2,1,86.89388948235838,700.0
22,1,1,2,0,26,1.83,6,3,9,0,1,1,1,56259,2,1,1,144513.53,1,12.0,110596.19,0,0,84.85910714216578,665.0
32,1,0,2,1,7,1.03,7,4,9,0,3,0,0,0,2,1,1,318884.4,1,9.46,230283.9,2,1,93.07951222165428,775.0
33,1,1,0,5,28,1.0,9,5,0,0,1,1,0,0,2,1,1,297337.9,0,3.69,88523.69,0,2,80.65251152141384,689.0
31,0,1,2,2,17,2.76,5,1,19,0,1,0,0,0,1,1,1,344807.83,1,12.45,154040.87,0,1,61.73117374734119,649.0
19,1,0,2,1,1,2.67,7,0,13,0,3,0,1,129030,1,1,1,507353.22,1,13.41,150705.42,1,0,79.39362068631542,707.0
31,0,1,2,0,14,1.87,1,2,13,0,1,1,1,368521,1,1,0,88417.94,1,9.99,141141.59,0,2,40.80454583878056,487.0
34,1,0,1,4,11,2.41,8,5,0,0,2,0,1,59879,2,0,0,202658.46,0,5.37,238352.98,0,2,65.11558024149898,551.0
25,1,2,1,2,21,1.31,3,4,13,0,2,0,1,464868,1,0,0,253528.01,1,6.99,208429.23,0,1,44.59346683337682,494.0
27,1,2,2,1,4,1.33,7,5,0,1,2,0,1,382187,1,1,0,406518.32,0,3.38,266010.91,0,1,59.93271481247836,614.0
25,0,1,1,3,3,0.99,1,2,18,0,2,0,0,0,2,0,1,147025.1,0,12.63,33485.73,1,1,38.18777505994073,526.0
31,1,2,1,3,13,1.37,10,2,19,1,3,1,1,65154,1,0,1,289960.6,0,6.91,210112.45,1,0,32.44898837632899,506.0
34,0,1,0,5,24,0.55,1,1,14,1,3,0,0,0,2,1,1,121473.5,0,6.52,147151.72,2,1,52.73240582986255,640.0
33,1,2,1,0,6,1.94,6,3,5,0,1,1,0,0,2,1,1,292879.63,0,16.65,66220.98,2,1,81.8021184972893,714.0
33,1,0,1,2,33,2.06,0,5,0,0,2,0,0,0,2,1,0,188344.85,1,11.22,213760.29,0,1,85.3260484272709,683.0
21,1,2,1,4,5,1.93,1,3,18,0,1,1,0,0,1,1,1,376642.67,1,7.69,134647.58,1,0,55.756714431002386,649.0
18,1,1,1,0,31,3.94,10,3,1,1,1,0,0,0,2,0,0,309237.91,0,10.1,180304.26,2,0,48.5084732367127,602.0
25,0,0,2,1,7,1.63,5,4,19,1,1,0,0,0,1,0,0,191096.42,0,1.72,243213.52,1,0,42.10289992269809,472.0
24,1,1,1,0,26,2.2,10,1,14,0,1,1,1,60663,2,0,0,250346.52,1,7.76,129694.48,0,2,57.20824904037937,593.0
33,1,2,1,3,0,3.41,8,2,20,0,1,1,1,154493,2,0,1,269028.92,0,12.49,185189.06,2,2,57.35575571458785,579.0
25,0,1,2,2,21,-0.21,6,4,8,0,3,0,1,332570,0,1,0,342612.93,0,11.9,227283.69,0,2,38.78825672188723,516.0
19,0,2,1,5,27,2.05,9,1,1,0,3,1,0,0,2,1,1,283018.0,0,6.6,128831.97,0,2,78.97871142043954,725.0
24,1,2,0,3,13,1.93,16,1,4,0,3,0,1,136796,2,1,1,355469.93,1,6.38,168330.31,0,0,97.6725433946808,764.0
24,0,2,1,4,2,1.69,8,3,10,0,1,0,1,266451,0,0,0,278634.88,0,11.69,167896.38,0,1,33.40016484608366,371.0
27,1,1,1,4,32,2.49,15,3,13,0,3,1,1,174541,1,1,0,552838.03,0,8.86,171339.71,0,1,85.908924700716,712.0
26,1,0,1,5,12,2.88,8,2,7,0,1,1,0,0,2,1,1,351655.7,1,14.4,159851.92,2,2,87.70086915581899,724.0
27,1,1,1,3,3,3.05,10,1,17,0,2,1,0,0,2,1,1,260763.62,1,5.14,153978.98,0,2,75.80706868324077,729.0
22,1,0,2,0,23,2.9,6,5,0,0,2,0,1,334839,1,1,0,349082.35,1,6.87,161496.22,0,2,63.665139626054795,578.0
27,0,1,0,5,12,1.9,2,3,15,0,2,0,1,53051,2,1,0,325893.04,0,16.08,99371.28,1,0,93.72258611794422,739.0
31,0,1,2,4,32,2.02,9,1,3,0,1,0,1,280314,2,1,0,103682.71,0,7.0,121151.78,1,1,57.22489675134109,598.0
31,1,1,0,3,3,1.57,1,1,3,1,2,0,0,0,1,1,1,339245.6,1,3.02,168181.66,0,1,65.66611654227485,644.0
35,0,1,1,4,11,2.24,1,2,17,1,2,1,0,0,2,0,1,307100.96,0,19.24,209526.48,0,1,65.50980945141539,618.0
18,1,1,1,0,6,1.08,6,2,19,1,3,0,0,0,2,1,0,218061.32,1,5.85,133680.62,0,1,74.34432653503377,687.0
19,0,0,2,5,28,1.98,8,2,15,0,3,0,0,0,2,1,0,298271.99,1,14.44,122479.3,0,1,86.45481345210806,727.0
28,0,1,2,4,2,0.53,8,2,20,1,1,1,1,172304,1,0,1,373395.05,0,12.35,155169.1,1,1,48.94817800442313,549.0
25,1,0,2,3,16,0.87,15,2,17,0,3,1,1,125276,2,0,0,296061.87,0,12.93,143629.14,0,0,52.87555542087425,597.0
22,1,0,2,2,21,1.78,7,5,0,0,1,0,0,0,2,0,1,239779.46,1,12.85,133791.16,1,1,61.05482797948306,612.0
18,0,1,1,4,32,3.98,11,1,19,1,1,1,0,0,1,0,0,159388.38,1,3.42,150520.53,1,0,30.002035936040258,428.0
26,1,1,2,0,6,2.18,12,0,13,0,3,0,0,0,2,1,1,540158.37,0,5.15,125234.3,1,1,91.5208354228683,850.0
33,1,0,1,0,14,2.73,14,0,17,0,1,1,0,0,0,0,0,153777.1,1,9.19,138997.32,2,2,32.738075055088096,377.0
24,1,0,1,0,25,2.73,12,5,0,0,3,0,0,0,2,0,1,118185.64,0,7.97,144325.73,0,2,37.22523372944162,549.0
28,1,2,1,1,7,2.56,5,1,9,0,2,0,1,304585,2,1,0,314732.25,0,7.67,138436.29,0,1,89.243036139505,711.0
27,1,2,2,0,22,1.17,10,2,10,0,3,0,1,207213,2,0,1,320390.54,0,13.87,224319.8,1,1,63.081554752751494,609.0
32,1,1,2,2,36,1.85,6,1,16,0,3,0,1,122102,2,0,0,272405.17,0,6.25,135022.53,0,2,60.70445965195786,561.0
22,0,2,1,1,7,2.19,4,4,13,1,1,1,1,170424,2,0,1,244232.3,1,2.7,159397.09,2,2,60.53306435510802,599.0
28,1,1,2,3,16,0.92,1,5,0,0,1,1,0,0,0,0,0,333658.3,0,14.78,223982.13,0,2,36.19819426513801,425.0
23,1,1,2,0,26,2.08,16,3,15,0,1,0,0,0,2,0,0,307233.9,1,4.45,166162.36,1,1,61.93684551633587,623.0
18,1,1,2,5,30,2.31,1,3,3,0,3,0,0,0,1,1,0,171283.39,1,17.14,168570.05,0,0,44.704991854342566,543.0
18,1,1,1,1,4,2.39,7,0,6,1,1,0,0,0,2,0,1,392016.61,1,7.18,114902.14,2,2,55.734209022789436,646.0
33,1,1,1,1,34,1.91,6,0,17,0,3,1,0,0,1,1,1,246510.3,1,13.13,169394.51,2,0,56.892989599157154,573.0
20,1,0,2,5,24,2.16,9,5,0,0,1,1,1,251958,1,0,1,189831.81,1,6.72,144878.76,1,2,29.25701816497442,428.0
19,1,1,2,2,18,1.36,7,3,16,1,1,1,0,0,2,1,1,284372.37,0,14.6,77000.76,2,2,91.32399934931146,695.0
24,1,1,1,5,30,0.36,2,5,0,1,2,1,0,0,2,1,0,279049.18,1,11.59,148953.95,1,2,84.26221335767345,712.0
31,0,1,2,0,31,1.82,6,1,15,1,3,1,1,249891,0,1,1,303359.46,1,3.75,128860.86,1,0,34.94335850002128,512.0
23,1,0,1,1,35,3.1,13,0,5,0,1,0,1,170918,0,1,1,438080.66,0,6.53,198040.29,2,1,40.47513380401353,546.0
20,1,1,1,0,23,2.12,12,2,3,1,1,0,0,0,2,1,1,234797.8,1,10.8,105532.04,0,1,91.96558771701619,719.0
20,1,1,1,0,6,4.03,10,2,20,1,3,0,1,318159,2,1,1,341135.7,0,18.73,47010.92,1,1,87.72905677109284,713.0
21,1,1,1,4,32,2.65,10,3,4,0,3,1,1,414179,2,1,0,314826.41,0,11.96,98270.1,2,0,82.61284539834826,679.0
21,1,0,2,3,3,2.15,16,5,0,0,2,1,1,75345,2,0,1,381378.62,0,8.2,213613.52,2,1,56.012756314577274,624.0
31,1,1,2,4,5,2.64,11,5,0,0,1,1,1,291830,0,0,0,201425.19,0,1.74,151717.87,1,2,30.15809409797454,340.0
23,0,1,2,5,28,2.17,9,1,11,1,2,0,0,0,2,0,1,214923.52,1,9.16,97457.55,2,1,55.74537572842239,568.0
32,1,1,1,5,29,3.36,15,1,14,0,1,1,1,290346,2,1,0,306479.14,1,12.98,119603.41,2,1,92.41427666119148,696.0
23,1,1,2,2,17,1.15,0,4,14,0,1,1,0,0,0,0,0,305104.29,0,11.31,211708.49,0,1,23.85859373501283,411.0
19,0,2,1,5,30,2.06,2,5,0,0,1,0,1,435415,2,0,1,254604.06,1,14.94,172960.21,0,0,67.23208674882517,552.0
18,1,1,2,3,13,3.38,10,5,0,0,1,1,1,485869,1,1,1,359545.9,0,4.56,122130.59,0,2,67.66705887106993,573.0
21,1,1,1,5,30,1.37,8,1,15,0,2,1,1,82600,1,0,1,476723.91,0,9.62,215673.66,1,1,62.367155361327676,582.0
30,0,1,2,4,8,2.88,15,2,17,1,3,0,1,250073,2,1,1,320695.89,1,10.62,141485.77,2,1,85.84614432439496,710.0
34,1,2,0,4,8,1.14,8,3,16,0,3,1,0,0,2,0,1,255452.36,0,13.37,98662.07,2,1,60.88803135755102,589.0
32,0,2,1,4,32,2.58,11,2,17,1,3,1,0,0,2,1,0,305468.23,0,4.51,118866.41,2,2,87.2459640646793,667.0
35,1,2,1,1,15,2.53,13,5,0,0,1,0,0,0,1,1,1,53193.22,0,23.01,215485.44,2,2,32.1350150033728,475.0
21,1,2,1,3,13,1.64,15,1,16,0,2,0,0,0,2,1,0,280216.31,1,9.92,100966.85,2,0,92.60346425025251,714.0
32,1,0,1,2,18,2.27,10,3,5,0,1,0,0,0,2,1,1,403043.88,1,6.15,189743.34,2,1,86.40304550684432,776.0
23,1,2,2,4,5,2.67,8,5,0,0,2,1,0,0,2,0,1,288787.36,0,0.31,171518.13,1,2,61.54860972620994,631.0
29,1,0,2,3,3,1.18,8,5,0,0,1,0,0,0,2,0,1,389041.86,1,7.23,57372.14,0,1,82.97016482335883,680.0
23,0,0,2,0,22,1.52,6,3,20,1,3,0,0,0,0,0,0,351566.06,1,16.98,192165.48,0,2,27.151934948999813,421.0
34,0,0,1,1,7,2.69,6,5,0,0,1,1,1,135107,1,1,0,273776.64,1,9.95,164087.03,1,2,72.48468972151501,578.0
20,0,0,2,1,15,3.97,6,0,16,0,1,1,1,230499,1,0,1,393973.55,1,16.59,163448.19,2,2,45.5871256925688,532.0
35,1,0,2,5,12,1.0,9,2,12,0,1,1,1,232503,1,1,0,160801.67,1,19.68,255684.19,2,1,67.71265080125892,556.0
32,0,0,1,1,34,0.12,7,1,1,1,3,0,1,298465,2,0,1,371413.46,0,5.53,119012.42,2,1,86.98122979762073,659.0
23,1,2,1,0,6,3.04,10,5,0,1,2,0,0,0,1,0,0,272451.77,0,6.13,123369.66,1,2,42.81820797451812,482.0
20,1,1,1,4,9,1.06,8,3,14,0,3,1,0,0,0,1,1,214491.8,1,2.86,140723.47,0,1,42.04402243897208,495.0
18,1,2,0,2,36,1.49,7,1,10,0,3,1,0,0,1,1,1,239898.99,0,12.28,159726.93,0,2,52.5209839390609,583.0
34,1,0,1,3,13,2.71,10,1,15,0,2,0,1,379926,2,0,1,282400.22,1,7.04,184621.62,1,1,58.40810131370153,589.0
19,0,1,1,1,15,1.21,5,4,15,1,1,1,1,215426,2,1,1,387339.55,1,16.84,198045.09,0,2,87.13369160803157,709.0
32,1,0,1,4,5,2.32,1,1,13,0,3,0,0,0,2,1,1,491192.32,0,14.62,55563.81,2,0,100.0,823.0
20,1,2,2,0,6,1.01,16,0,17,0,1,0,0,0,0,1,1,157706.04,1,10.02,140266.82,1,0,32.871269058591174,421.0
24,1,0,1,2,33,2.52,0,5,0,0,2,1,0,0,2,0,0,257049.42,1,11.58,147607.05,2,0,55.06897997877958,593.0
18,1,1,2,1,1,3.24,13,4,19,1,2,1,0,0,2,1,0,274330.5,0,8.65,150807.35,0,1,82.14557408169216,726.0
33,1,0,1,5,30,3.05,15,2,7,0,3,1,1,383138,2,1,0,280542.91,1,16.12,197464.82,1,0,89.15411808794076,661.0
29,0,1,1,3,16,3.12,1,2,10,0,2,0,0,0,1,0,1,273996.98,0,11.66,73489.29,2,0,59.30133549139821,563.0
18,1,1,2,2,17,0.91,7,5,0,0,3,0,1,208940,2,0,1,231575.78,0,6.12,106620.9,2,1,63.02969947372488,562.0
21,1,1,1,5,24,1.72,15,5,0,1,3,1,0,0,1,1,1,260308.67,1,2.2,255866.21,1,1,60.7816052197836,629.0
20,1,2,2,2,20,2.1,3,4,9,0,1,0,0,0,1,0,1,103010.32,1,7.19,142677.97,2,0,37.41581698812668,451.0
19,1,1,1,5,28,1.73,2,2,13,0,1,1,0,0,2,0,0,344841.32,1,6.55,79476.63,0,1,46.071618146821685,643.0
33,0,2,2,0,6,1.56,10,2,13,1,2,0,1,317002,1,1,0,361160.16,0,11.87,46971.67,1,1,68.88228808064346,605.0
33,0,1,1,3,13,0.78,16,3,13,0,1,0,0,0,1,1,0,128280.15,1,13.75,74643.6,1,1,38.37331241850968,543.0
32,0,2,2,1,1,2.14,12,0,2,0,1,1,0,0,2,1,0,346030.75,0,12.81,126642.97,1,0,92.44973408236402,751.0
29,0,0,2,1,1,2.18,13,0,13,0,1,1,0,0,2,0,1,114626.78,0,7.39,87904.39,0,2,61.934289889609516,553.0
35,1,2,2,5,28,2.46,1,5,0,0,1,1,0,0,2,1,0,435275.9,1,16.5,114297.91,1,2,88.5156144987174,793.0
21,1,1,2,2,17,0.52,7,1,16,0,1,1,1,222845,2,1,0,356819.43,0,10.63,140922.05,2,2,99.16243965865173,753.0
26,0,0,2,5,28,3.76,9,3,19,0,2,1,1,81275,1,1,1,254772.92,1,10.45,187631.93,2,1,65.59081042365382,577.0
30,1,0,1,3,13,3.22,10,2,4,1,3,1,1,189769,0,1,1,403467.34,0,8.5,199954.25,0,1,43.81328632178765,544.0
35,1,2,1,3,13,2.34,10,5,0,1,1,0,1,387563,2,1,0,360374.22,1,7.89,213609.93,0,2,84.97652007716842,720.0
31,0,1,2,2,17,0.54,13,3,10,0,2,0,1,176895,2,0,1,261992.8,0,6.53,202544.41,1,0,58.968405537151675,586.0
31,1,1,2,2,20,1.23,7,3,15,0,2,1,1,463285,2,0,1,223835.48,1,10.82,123965.38,1,1,67.02605788947398,558.0
32,0,1,2,4,2,2.69,11,2,1,1,3,1,1,374422,2,0,1,265659.59,1,0.53,141998.07,2,2,51.915083736734644,573.0
33,0,1,1,5,29,2.1,15,1,8,0,2,1,1,432945,2,1,1,391251.59,1,4.11,127787.54,0,1,86.60132265002284,726.0
22,1,1,1,2,33,1.93,0,1,16,0,3,1,0,0,2,0,1,324443.53,1,9.23,201681.42,0,0,57.84541119428617,628.0
31,0,2,0,4,9,2.48,1,5,0,1,1,1,0,0,2,0,1,424681.25,0,4.63,100350.28,0,1,89.1442845265886,660.0
32,1,0,1,0,14,2.43,6,3,8,1,2,0,1,288030,2,0,1,191898.79,0,19.42,69149.45,2,1,53.48255882398381,555.0
32,0,1,2,0,26,1.63,10,1,9,1,2,1,1,230703,0,0,1,328089.11,1,8.56,201454.56,0,2,28.519732938879905,433.0
33,0,1,2,0,14,2.11,6,5,0,1,1,0,1,408111,0,0,1,377311.84,0,8.09,139641.92,1,2,30.185087747827858,441.0
29,0,1,2,4,11,1.8,15,1,6,1,1,1,1,328263,0,1,1,261350.51,1,12.7,181433.49,2,1,38.886862047556875,469.0
25,1,1,2,2,19,3.3,13,1,5,0,1,0,0,0,2,1,0,328191.8,0,3.31,105716.59,0,1,93.97716414129533,750.0
18,0,0,1,2,19,2.29,13,3,5,1,2,0,0,0,1,1,0,205301.91,1,8.32,163440.25,0,1,64.17036349826759,575.0
25,0,1,2,2,33,1.55,7,1,10,0,2,1,0,0,1,1,1,384565.14,0,4.28,155991.97,0,0,89.59039868722117,667.0
18,1,1,1,1,15,1.02,12,5,0,1,3,1,1,395522,0,0,1,282537.32,1,13.86,176509.08,0,1,25.897350871532534,363.0
22,1,2,2,3,13,2.69,16,2,7,1,3,0,0,0,1,0,0,260167.3,0,5.94,90737.95,1,1,40.11828052625191,485.0
30,0,1,1,1,35,1.76,12,5,0,1,1,0,1,103520,2,1,1,394301.59,0,15.58,182193.52,2,1,83.6838710079237,737.0
27,1,1,2,0,25,3.14,6,5,0,0,1,1,1,317074,2,1,1,393539.22,1,18.99,158556.05,2,1,87.88770201891492,691.0
25,1,1,1,5,24,2.06,1,1,19,0,1,0,0,0,2,1,1,201664.51,1,10.91,93779.83,0,1,88.19501384747137,650.0
31,1,2,2,4,32,2.05,11,2,6,1,3,0,1,251671,0,0,1,320997.93,0,16.81,85921.13,2,1,28.04190330857109,383.0
34,0,1,2,4,5,2.35,10,2,20,1,2,1,0,0,2,1,1,237259.51,0,13.82,196124.06,2,0,92.35153989779154,722.0
35,1,1,1,2,20,2.16,5,4,5,1,2,0,1,279766,1,1,1,322474.21,1,10.91,211232.45,1,2,56.42841507254669,604.0
18,1,0,1,0,23,1.49,14,2,14,0,1,0,1,464686,2,0,1,186695.77,1,3.53,171365.55,0,1,37.985179178279694,531.0
29,0,2,0,0,23,2.83,14,5,0,1,1,0,0,0,0,1,1,225502.12,0,11.73,89385.66,1,1,46.632351519743096,470.0
31,1,0,2,1,4,3.27,13,5,0,0,2,1,0,0,2,0,1,267292.66,1,0.67,70232.46,1,0,63.5778087720298,592.0
32,0,0,1,2,18,3.21,0,4,3,1,1,0,1,300322,2,1,1,415498.02,0,10.94,140284.72,0,0,89.52970220010285,730.0
30,0,2,2,3,3,1.4,1,3,8,0,3,1,0,0,2,0,1,361657.94,1,13.39,56256.72,0,0,60.65600978984403,647.0
29,1,1,2,4,32,2.03,2,1,10,0,1,1,0,0,2,0,1,261722.16,0,13.29,165713.37,1,2,55.8033162812129,590.0
27,0,0,1,1,1,2.72,5,1,16,1,3,0,1,252222,2,1,1,242758.24,1,10.3,141372.44,0,2,78.27757750335986,676.0
25,1,1,2,5,12,3.64,9,1,4,0,2,1,0,0,1,1,1,296117.65,1,13.28,240283.44,0,2,63.745771374987456,598.0
28,1,1,2,4,11,1.97,2,1,9,0,3,0,0,0,2,0,0,345945.47,0,15.11,165144.76,0,1,56.3564742603281,620.0
34,0,1,0,3,13,1.53,10,1,2,0,1,1,1,101052,2,1,0,263149.48,1,0.44,238864.74,1,0,76.4174769572192,681.0
34,1,1,1,1,4,2.25,13,0,7,0,1,0,0,0,2,0,0,229685.17,0,12.53,205597.67,1,0,60.090614735393515,611.0
35,0,0,1,3,16,1.08,8,5,0,1,3,0,0,0,2,1,0,273050.62,0,14.37,166925.02,1,2,78.04932399369093,697.0
26,1,1,2,3,10,2.47,1,1,6,1,3,0,1,317590,1,0,0,447483.4,1,8.23,161366.3,0,2,65.06497290162606,557.0
29,1,2,2,0,23,2.42,16,5,0,0,2,0,1,491932,2,1,0,343777.15,1,12.68,188422.04,0,0,82.80513522113391,670.0
30,1,1,2,3,13,1.44,10,5,0,0,2,0,0,0,2,0,1,246959.13,1,7.73,160000.03,2,2,62.474722097033755,603.0
32,1,0,1,1,15,2.71,7,1,3,1,1,0,1,184646,2,1,1,358114.56,1,14.91,149776.42,2,2,91.5837935310691,760.0
26,1,1,2,2,17,2.74,5,1,12,1,2,1,1,436545,1,0,1,392590.42,0,7.72,194918.51,1,2,29.547956272471943,456.0
32,0,1,2,2,17,1.99,13,0,1,0,3,1,0,0,0,1,1,244158.4,1,7.55,93450.63,0,1,50.51744746437109,508.0
25,0,0,1,1,4,1.61,4,0,11,1,1,0,0,0,1,1,1,295428.5,0,12.07,165454.18,2,2,53.096476829687056,605.0
19,0,1,2,1,7,2.54,13,1,13,0,1,1,0,0,1,0,1,194787.02,1,10.36,265736.62,1,0,42.18394738598926,502.0
33,1,1,2,4,2,2.2,15,5,0,1,3,1,1,59327,2,0,1,386983.63,0,12.31,212782.6,0,2,85.49104612058676,668.0
22,0,0,0,5,24,3.99,1,5,0,1,1,1,1,266168,2,1,1,344451.75,1,7.2,49284.92,0,2,87.28144234517524,713.0
28,0,1,2,3,13,0.89,15,1,16,0,1,1,0,0,1,0,1,276340.39,1,21.32,152758.27,0,0,43.96873963079207,503.0
19,0,1,2,4,11,2.36,8,1,20,0,2,1,0,0,0,1,0,401588.12,1,14.3,152492.46,2,1,56.31303520700588,575.0
19,1,0,1,2,33,1.43,3,4,17,1,1,0,0,0,2,1,0,331120.48,1,8.43,226509.28,0,1,85.51413679131603,731.0
20,1,1,0,5,28,1.65,15,3,1,1,2,0,1,192412,2,0,0,337097.26,1,5.36,205316.78,0,1,70.21499105500705,605.0
30,1,1,1,4,9,0.88,10,3,3,0,1,0,0,0,2,0,1,281336.95,0,3.55,194727.89,1,0,58.91319877383573,637.0
22,0,1,2,1,4,2.84,5,1,19,0,1,0,1,229937,2,1,1,313275.37,0,9.74,114078.84,2,1,90.97468732812747,704.0
24,1,1,2,1,35,2.43,4,1,3,0,3,1,1,219173,0,1,1,329867.75,1,7.04,148830.3,1,1,40.77797454650656,515.0
31,1,1,2,2,19,2.23,6,4,19,0,2,1,0,0,2,1,1,429791.65,0,11.89,14377.57,0,0,87.19455012808048,792.0
25,1,1,1,5,12,1.37,9,1,16,1,2,1,0,0,2,0,1,180905.21,1,9.55,199544.26,1,1,54.51032666097138,571.0
34,1,0,1,4,32,0.22,10,3,8,0,1,1,0,0,2,0,1,371785.19,0,13.13,218493.41,2,1,57.44985370783985,643.0
30,0,1,2,4,9,-0.17,11,5,0,0,1,0,0,0,2,1,0,371391.3,0,6.8,204525.88,1,1,84.0778657549899,712.0
33,0,2,2,2,36,1.72,13,3,1,0,3,1,1,363485,2,0,1,335763.38,0,7.9,151085.65,2,1,68.14900796789118,639.0
21,0,1,1,5,12,2.52,15,3,11,0,3,0,1,90000,2,1,0,247425.5,1,19.27,230095.99,0,1,95.14528834234244,671.0
34,1,2,0,3,0,3.23,15,5,0,0,2,0,1,287895,0,0,1,359394.07,1,5.98,161289.4,0,1,29.907795501017944,425.0
27,1,1,1,4,8,0.86,10,1,14,0,1,1,0,0,1,1,0,323899.87,0,8.43,216275.01,0,1,50.89111701436866,638.0
32,0,1,2,4,11,3.08,11,1,19,0,2,1,0,0,1,1,1,297582.18,0,10.38,123981.82,0,0,61.37286851222802,586.0
33,0,1,2,2,17,2.67,3,4,14,0,2,0,0,0,2,0,0,305662.87,0,10.44,166566.46,0,1,51.749492987679744,632.0
30,1,0,0,2,17,-0.12,5,4,12,0,3,1,0,0,2,0,1,230998.74,0,6.76,121357.98,1,2,57.4451456367579,610.0
18,1,2,1,5,24,2.33,8,3,13,1,1,1,0,0,2,1,1,-75743.53,1,6.34,74044.74,0,2,60.16626134451672,566.0
22,0,1,1,0,25,1.39,10,0,9,0,2,1,0,0,2,1,1,143835.61,1,12.14,77197.68,2,2,50.870841805481334,646.0
20,1,1,1,5,29,2.92,15,1,5,1,2,0,0,0,2,1,0,384492.86,1,2.07,102294.44,0,1,93.19426210942588,757.0
35,0,1,1,5,24,2.02,15,3,16,1,3,0,1,133086,1,1,1,258230.32,0,1.48,202697.68,0,1,65.54923632239979,626.0
24,1,2,0,2,18,1.66,13,4,15,1,1,0,1,226438,2,1,1,495294.46,0,6.64,141772.1,0,1,93.80060325907328,805.0
19,1,1,2,0,6,1.89,6,0,2,0,3,0,1,80086,1,1,1,281220.84,1,20.26,155405.57,1,2,70.30727949930312,619.0
21,1,2,2,1,35,1.81,5,4,14,1,1,0,1,159119,0,0,0,196126.56,0,4.73,218668.82,0,1,34.82194316158898,379.0
33,1,2,2,4,2,0.27,2,2,15,0,2,1,0,0,2,1,0,87018.98,0,11.81,206194.94,0,2,58.60067971442082,592.0
25,1,1,2,0,14,1.08,14,2,15,0,1,0,0,0,1,1,0,125958.85,0,8.06,199114.54,0,1,35.76910748868789,527.0
21,0,1,1,2,20,2.71,7,4,11,0,1,1,0,0,2,1,0,414546.7,0,4.54,133686.63,2,1,97.7355973582859,775.0
31,1,0,1,0,14,1.85,14,2,11,1,3,0,0,0,0,0,1,292198.91,1,0.44,172097.47,0,2,39.132221122562555,434.0
26,1,1,1,1,35,2.63,13,4,5,1,1,1,0,0,2,1,1,328752.91,1,16.79,194325.44,1,1,83.29966715069799,738.0
28,1,2,1,4,5,3.68,10,2,20,1,3,0,1,234904,2,1,1,280600.52,0,12.71,122443.38,2,2,92.53707107124048,717.0
24,0,0,1,1,34,1.4,7,4,1,0,1,1,0,0,2,1,1,303001.38,1,11.34,98595.91,0,1,84.48867220551644,740.0
29,1,1,2,1,15,1.31,4,1,15,1,2,0,1,151345,2,1,1,294678.76,0,6.26,145306.88,1,1,96.49026710774697,751.0
27,1,1,2,4,9,1.08,8,3,5,0,2,1,1,302409,2,1,0,278195.0,1,8.12,163059.23,0,1,81.82434499396544,664.0
19,1,0,0,1,7,2.24,5,0,2,1,2,1,1,377350,2,1,1,246683.89,1,9.65,234852.73,1,1,88.13643881728092,660.0
30,1,1,2,3,16,0.09,16,5,0,1,1,1,0,0,2,1,0,293562.74,1,12.71,177156.24,2,1,86.33586215238336,710.0
32,1,1,2,5,24,2.18,9,3,5,1,1,0,0,0,2,1,1,119581.29,0,9.05,131149.34,0,1,80.73142698120984,661.0
21,0,0,2,5,30,1.95,9,2,13,1,1,0,0,0,2,1,1,274551.13,0,13.35,131543.9,0,0,96.099164113587,702.0
21,1,2,1,3,10,2.39,8,1,10,0,2,1,0,0,1,1,1,292257.76,0,5.25,145651.2,1,1,64.1635461518904,628.0
32,0,2,2,5,30,1.39,6,5,0,1,1,1,0,0,2,1,1,467424.41,1,13.5,213920.54,2,2,92.03007398379452,758.0
20,1,1,1,3,3,1.12,10,1,9,1,3,1,1,307974,2,0,1,253285.66,0,8.69,33196.52,1,2,60.13833164900177,555.0
19,0,2,2,1,35,3.67,12,5,0,0,2,1,0,0,2,0,1,325149.37,0,7.72,180553.56,1,1,83.64721001211356,656.0
32,1,2,2,1,34,1.42,7,5,0,0,1,0,1,481939,2,1,1,167312.24,0,10.83,81432.71,0,1,56.448068213211265,615.0
31,0,1,1,0,6,1.76,12,3,1,0,3,0,1,341288,2,1,1,334751.8,1,9.65,193229.86,0,2,93.1879837074525,673.0
29,1,1,2,0,22,1.95,14,5,0,0,3,1,0,0,2,0,1,294668.48,1,13.31,161409.36,0,2,55.395040182192304,594.0
31,1,1,1,0,14,2.25,6,0,10,0,1,0,0,0,2,1,1,303645.94,0,9.3,250890.32,0,2,84.37168474835745,727.0
35,0,0,1,5,30,0.8,9,2,5,1,1,0,0,0,2,1,1,369223.49,1,7.35,79983.38,2,1,84.35362533321579,709.0
18,1,1,1,4,8,1.64,9,1,3,0,3,1,1,176328,1,1,0,149608.97,1,15.37,190734.22,0,1,34.82138432727683,547.0
35,0,1,2,3,10,2.23,16,1,16,1,2,1,0,0,0,1,0,222716.17,1,10.26,88582.56,1,1,47.92338441844168,460.0
20,1,1,1,3,10,0.6,10,5,0,0,1,1,1,155076,0,0,0,300398.86,1,16.56,70883.69,2,2,37.64341321844844,391.0
29,1,1,2,4,8,2.33,1,3,6,0,1,1,1,237522,2,1,1,467878.38,1,7.32,99611.11,1,0,97.40287080104714,760.0
29,0,1,2,5,12,2.92,1,1,9,0,3,0,0,0,2,0,1,150214.13,0,6.97,216755.63,1,1,56.87169160667234,564.0
32,0,1,2,5,29,1.84,15,5,0,0,2,0,0,0,1,1,0,244826.21,0,7.29,81767.59,0,0,63.36735872484185,613.0
29,0,1,2,3,16,1.53,1,3,7,0,3,0,0,0,2,1,1,260304.42,0,14.08,208817.2,1,1,81.49986273080351,670.0
23,1,1,0,1,1,3.46,7,1,8,0,1,0,0,0,0,1,1,261415.11,0,6.52,107232.65,0,2,37.89478949630258,497.0
23,0,1,1,5,30,1.53,8,2,14,0,3,0,0,0,1,0,1,256685.81,1,5.12,156378.41,0,1,41.315057185063445,495.0
27,1,1,1,4,11,2.98,2,1,17,1,3,1,0,0,1,1,1,427052.92,0,16.48,170247.07,0,1,72.31947911869318,657.0
24,0,1,1,5,30,2.03,9,3,13,0,3,0,0,0,2,0,0,338209.6,0,0.1,129328.06,1,0,57.204381889645184,606.0
21,1,2,1,5,28,1.63,9,2,13,0,2,1,0,0,1,1,1,292841.43,1,15.62,33372.73,1,2,55.44172564908364,612.0
20,1,1,1,0,6,1.43,12,2,12,1,3,0,1,444817,2,1,1,242276.77,1,17.49,103375.15,2,2,63.88063970835072,647.0
27,0,1,2,4,9,1.42,8,2,7,0,2,0,1,53255,2,1,1,393675.33,0,21.77,106716.45,0,1,91.28522236333347,740.0
20,1,1,2,5,29,3.76,9,1,17,1,2,0,0,0,2,1,1,445235.64,1,8.36,79659.47,1,1,91.99012089839414,774.0
22,1,0,1,4,2,2.37,1,1,8,1,1,0,1,352311,1,1,1,553547.94,0,9.85,117405.02,2,1,52.13265275187339,642.0
19,1,1,2,2,33,3.37,7,4,10,1,3,0,1,191902,2,1,0,493404.78,0,4.8,166494.47,2,1,100.0,815.0
21,0,1,0,3,13,1.4,15,1,16,0,3,1,1,161414,2,1,1,503982.13,1,16.75,226900.81,1,1,100.0,757.0
18,0,2,2,3,16,1.77,16,5,0,0,2,0,1,459680,2,1,1,265844.67,0,2.1,129895.58,0,1,53.58968482524136,631.0
20,0,2,1,2,21,2.73,10,3,2,0,1,0,0,0,2,1,1,174694.34,0,8.55,171091.36,0,1,86.70404726267672,691.0
29,1,1,1,2,17,2.31,5,4,4,0,1,0,0,0,2,0,1,338850.63,1,9.97,206633.46,0,2,62.15909945900043,627.0
30,0,0,2,3,16,4.31,1,2,17,0,1,0,0,0,1,1,1,217044.98,1,5.23,172595.31,2,1,52.770373173748965,612.0
22,1,2,2,5,12,1.84,2,5,0,0,1,0,1,115035,1,0,0,363320.56,1,9.21,147053.68,1,2,42.076828745142464,537.0
33,0,1,1,0,22,2.2,1,5,0,0,1,1,0,0,2,0,1,325999.68,0,15.87,150043.78,1,1,67.92937145703824,607.0
26,1,2,2,4,5,1.82,8,1,18,1,1,0,1,74236,2,1,0,533960.42,0,8.86,158384.58,2,1,83.71814866535632,791.0
18,0,0,2,5,27,3.28,1,1,4,1,1,1,0,0,2,1,1,80661.22,1,7.91,145829.46,0,1,54.31727083949663,635.0
33,0,1,2,3,3,1.1,15,1,19,1,2,0,0,0,1,0,1,231817.81,1,5.64,127420.47,2,2,39.70011485203554,496.0
30,0,1,2,5,29,0.84,8,2,18,0,2,1,0,0,1,1,0,440680.75,0,13.92,172116.81,1,0,79.65968338019613,653.0
23,1,0,0,0,6,2.43,12,0,17,0,3,1,0,0,2,0,1,458689.58,0,13.41,155589.23,0,2,82.174299526228,681.0
22,0,2,0,1,4,2.74,12,5,0,0,3,1,0,0,2,1,1,209562.85,1,4.7,69485.09,2,1,87.03214492746078,684.0
26,0,2,0,3,0,3.93,1,5,0,1,2,0,0,0,1,0,1,289723.25,0,2.75,139948.06,2,1,50.20489053086407,485.0
19,1,2,1,5,27,1.12,15,3,17,0,3,1,0,0,2,1,1,275284.83,1,7.04,205534.41,2,1,82.43796800794343,684.0
35,1,1,2,2,20,1.63,7,4,10,1,1,0,0,0,2,0,1,236469.46,1,11.07,113367.31,2,1,57.128421467434855,594.0
28,0,1,2,3,0,1.94,10,2,6,0,2,0,1,374751,2,0,1,183986.22,0,9.97,170283.22,0,1,57.17813423901453,557.0
25,1,0,1,4,8,3.14,1,2,15,0,3,1,1,257582,2,1,0,276856.84,0,3.6,99794.38,0,0,77.94956168877512,670.0
21,1,1,1,4,5,1.5,15,1,20,0,1,0,1,324823,2,1,1,257461.27,0,3.2,139357.01,2,0,87.48221703327293,668.0
28,0,2,1,0,31,0.24,10,0,9,0,3,1,1,298586,2,0,1,357058.47,0,5.34,126182.32,0,0,67.81662300568127,608.0
25,0,2,0,4,8,2.58,1,2,8,0,2,1,1,409336,2,1,0,133676.55,0,4.38,195093.78,0,1,61.4858078659342,616.0
28,1,0,0,2,17,2.67,3,5,0,0,1,1,0,0,1,0,0,329333.12,1,15.04,93917.67,0,0,35.06940516744362,510.0
28,1,1,1,1,34,2.4,13,1,8,0,3,0,0,0,2,1,1,231923.36,1,13.6,147659.75,2,0,85.13232971210206,709.0
24,0,0,2,4,5,2.93,9,2,6,0,3,0,0,0,2,1,1,438610.82,1,17.97,99224.63,1,1,98.18851734063942,797.0
34,1,0,0,2,19,1.61,10,0,10,1,3,1,0,0,2,0,1,322271.61,1,15.09,50100.4,0,0,81.00739608540064,653.0
30,1,1,2,1,4,3.02,6,4,2,0,2,1,0,0,1,1,1,306222.18,0,4.93,120034.86,2,0,93.44433454944954,682.0
21,1,2,1,5,28,1.03,8,1,17,0,3,1,0,0,2,1,1,478969.9,1,19.06,90304.88,2,1,86.16174044632396,798.0
35,1,2,1,1,1,1.39,7,0,19,0,1,1,1,388837,2,0,0,211345.12,1,16.62,186762.07,2,2,58.167405145734904,555.0
33,0,1,2,2,18,0.33,0,3,2,0,3,1,1,410241,2,1,1,215255.18,0,11.84,150582.59,0,2,69.07884299636112,633.0
24,0,0,2,0,25,2.94,10,2,6,0,3,1,0,0,1,1,1,269153.33,1,7.71,130208.48,1,2,62.34225774265172,618.0
29,1,1,1,0,25,0.83,10,1,18,1,3,1,0,0,2,1,1,430477.43,0,12.43,136987.17,1,1,95.71092027178786,779.0
25,0,2,2,5,12,1.98,15,5,0,0,3,0,0,0,1,1,1,157431.59,0,17.39,186012.93,0,2,66.54200314345316,572.0
35,1,2,2,0,14,2.06,1,1,17,0,1,1,0,0,1,1,1,227259.45,0,15.45,202249.02,1,1,43.50348505839298,586.0
27,1,1,2,5,29,3.12,8,1,20,1,3,0,0,0,2,0,1,270600.48,1,12.15,219107.39,0,1,63.133871056802015,613.0
22,1,1,1,2,20,1.41,10,1,8,1,2,1,0,0,2,1,1,446426.85,1,0.87,186336.53,2,1,92.1245583412597,757.0
33,0,0,1,2,21,2.51,10,3,10,0,1,1,0,0,2,1,1,313148.51,0,15.39,100112.11,1,1,83.13977361246081,736.0
28,1,0,2,4,9,1.84,10,2,20,0,3,1,0,0,2,1,1,401294.29,1,4.19,103764.23,1,0,94.95175368504749,772.0
23,0,2,1,3,3,2.26,10,1,16,0,2,1,0,0,2,1,1,222889.17,0,9.77,128073.77,2,2,91.72634771729217,762.0
22,1,1,2,3,13,2.39,15,2,10,0,3,1,0,0,2,0,1,224951.76,1,13.91,191658.02,1,0,51.10350991764246,581.0
25,1,1,0,4,8,1.53,2,1,11,1,3,0,0,0,2,1,1,243237.52,0,15.1,176735.2,0,0,88.16227808389321,709.0
23,0,1,0,4,32,4.41,9,3,9,0,1,0,0,0,1,1,0,349140.03,0,20.84,205033.09,2,1,51.82795508935216,642.0
18,1,1,2,4,32,0.82,8,3,6,0,2,0,1,263411,1,1,1,239416.45,1,4.73,164381.4,1,0,62.710681603567714,580.0
34,1,0,0,4,5,3.37,11,2,2,1,3,0,0,0,0,1,1,260151.61,0,15.22,163895.85,0,1,45.826908025333,499.0
32,1,2,1,3,16,4.8,8,1,17,1,1,0,1,89566,1,0,1,349136.51,0,21.71,172474.62,0,2,36.07644064075286,516.0
34,0,1,1,3,13,1.99,10,2,11,0,2,1,0,0,2,0,0,436838.58,1,12.02,27273.25,2,2,87.96305559340952,699.0
19,1,0,2,1,4,0.91,13,4,17,1,2,0,1,60633,2,1,1,243309.5,0,12.4,85479.17,2,1,87.62898355343977,664.0
31,0,1,2,4,32,1.85,2,2,8,1,1,0,0,0,2,1,1,326436.19,0,12.51,123782.33,1,2,94.74587409020549,744.0
29,1,1,1,3,10,2.0,15,1,9,0,3,0,0,0,0,1,1,385219.95,1,8.87,210794.21,0,0,59.36985190304913,564.0
23,1,1,1,2,21,0.79,0,4,13,1,2,0,0,0,2,1,0,296274.35,1,17.0,156538.62,0,2,86.02674479275507,742.0
35,1,0,1,2,21,1.8,5,4,1,0,1,1,0,0,2,1,1,210641.38,0,16.47,71545.05,2,0,83.1479905629905,696.0
33,0,1,2,5,24,2.09,1,2,20,0,1,0,0,0,2,0,1,391759.93,1,13.29,153831.06,1,0,82.97936298167734,686.0
26,0,1,1,0,23,3.87,16,3,12,0,1,0,0,0,0,1,1,306499.94,1,8.68,174581.37,2,2,35.473647822573604,525.0
26,1,0,2,1,15,3.1,5,0,9,1,1,1,1,192127,2,0,1,213396.14,0,13.26,152194.15,0,1,57.4305855620121,582.0
31,0,0,1,1,34,1.26,5,0,2,0,1,1,0,0,2,0,0,271639.84,1,13.23,94591.27,1,0,62.527147070661975,619.0
19,1,1,2,4,32,0.53,9,1,11,1,3,0,0,0,2,1,1,263567.98,0,1.99,169597.62,0,2,90.53569003146376,709.0
34,0,1,2,3,0,2.57,16,2,10,0,1,1,0,0,2,0,1,281822.08,1,11.4,213290.4,0,0,85.06832274109155,669.0
31,1,1,0,4,2,2.51,10,2,11,1,3,1,0,0,2,0,0,402149.5,1,7.61,99844.24,0,1,88.07353009396503,669.0
26,1,0,1,5,27,3.76,8,3,2,1,2,0,1,279351,1,0,0,311620.17,0,10.54,169521.5,2,0,43.60213679647561,502.0
34,0,1,1,5,29,1.99,15,3,15,0,3,0,0,0,1,0,1,216936.93,1,9.09,233884.2,0,0,37.554485837327995,444.0
26,1,2,2,1,34,3.13,7,1,13,0,2,1,0,0,1,1,1,360873.69,1,3.12,182295.7,2,1,66.52584863168839,647.0
29,0,2,2,0,26,2.31,1,3,17,0,2,0,0,0,1,0,1,157501.19,1,10.82,166481.68,2,2,34.821143589905446,488.0
24,1,2,2,4,9,2.27,9,1,4,0,2,0,0,0,2,1,1,246344.62,0,12.3,212534.26,0,2,85.99580463840286,722.0
30,1,2,2,1,35,2.29,13,0,11,0,3,0,1,223531,2,1,1,561727.33,1,14.56,83391.75,0,0,94.54277659105756,812.0
18,1,2,1,3,16,2.09,1,2,2,0,2,0,0,0,2,0,0,254120.25,0,13.77,48803.42,1,1,57.69883069807702,594.0
29,1,1,1,4,32,1.91,11,1,20,0,1,0,0,0,2,0,1,384027.55,0,9.54,177571.33,0,2,57.656744681600074,621.0
35,0,1,1,2,18,1.58,13,0,8,1,3,0,0,0,0,0,0,228833.35,0,4.64,245860.52,2,2,27.619654377715527,404.0
20,1,1,2,1,35,2.68,13,4,10,0,3,1,0,0,1,1,1,395762.01,1,18.91,178330.39,2,2,61.52705980626269,632.0
23,1,1,1,0,23,3.2,12,2,3,1,2,1,0,0,2,1,1,387449.63,0,3.65,118863.77,0,2,80.44024648105241,749.0
22,0,1,0,5,29,1.48,1,2,17,0,1,0,1,353685,2,0,0,376119.24,0,5.33,223032.84,1,1,70.66881862125575,605.0
23,0,1,2,2,20,1.12,6,4,15,0,1,1,1,119579,2,1,1,179806.41,1,8.89,164717.85,0,2,86.50743611818005,684.0
24,1,1,1,3,3,0.97,16,5,0,0,1,0,1,84798,2,1,1,286299.04,0,2.15,211614.19,0,2,89.87852129601356,696.0
31,1,0,0,5,30,2.83,15,1,8,0,1,0,0,0,1,0,1,321267.4,1,10.35,109120.92,0,1,47.62521198287959,531.0
24,0,2,0,5,27,2.36,8,2,2,0,3,0,0,0,2,1,1,177763.72,1,16.28,146654.04,1,2,58.872905085877036,635.0
20,1,1,2,2,17,1.73,0,0,15,0,3,0,1,325894,2,1,1,26988.22,0,14.89,192203.26,1,1,57.144061259203525,567.0
31,0,0,1,4,32,-0.09,9,2,20,0,2,1,1,392873,2,1,1,485160.91,0,8.37,104116.29,1,1,85.60415532731696,749.0
30,1,0,1,1,35,3.76,7,1,10,0,3,1,0,0,2,1,1,454639.87,0,5.58,164391.57,2,0,92.70470613504065,814.0
18,1,1,2,5,29,2.7,6,5,0,1,3,0,1,290125,2,1,1,447140.03,0,14.97,182881.68,0,1,92.53272741309797,755.0
26,1,1,1,5,28,2.17,9,1,20,0,3,1,1,174826,2,1,0,168211.41,0,2.63,167598.05,2,1,56.693230673923004,642.0
19,1,0,1,3,0,1.3,10,5,0,0,3,0,0,0,2,1,1,166494.77,1,7.86,116913.71,0,2,85.3891441726388,671.0
20,0,1,1,2,18,2.77,3,4,17,0,1,1,1,221361,2,1,1,219564.98,1,12.33,81383.08,2,1,66.8394573146028,634.0
20,0,1,1,4,8,-0.3,11,1,10,0,3,1,0,0,2,1,1,353557.17,0,8.99,147262.68,0,1,95.37027968183095,781.0
19,0,1,2,4,5,2.77,8,5,0,0,2,0,0,0,2,0,1,238460.03,1,15.33,115579.12,1,1,65.44142385983093,594.0
18,1,1,1,2,20,2.03,5,4,20,0,1,1,0,0,2,1,1,524098.41,0,16.27,120096.83,0,1,89.47697011291967,846.0
20,1,1,1,1,35,1.18,6,5,0,0,1,0,0,0,2,0,1,344075.68,1,6.24,139702.82,0,1,58.80387148098111,620.0
23,0,1,1,3,0,3.33,15,1,15,0,2,0,1,317535,2,0,1,308017.34,0,11.44,136640.42,0,1,69.34355940851052,627.0
35,1,1,2,2,20,1.7,6,4,20,0,2,1,0,0,2,1,0,197917.23,0,10.12,201359.74,1,1,85.53013470223709,669.0
33,1,1,1,2,19,1.93,13,0,17,1,1,1,0,0,2,1,1,315741.48,1,6.91,95057.52,0,2,87.60041105014486,731.0
30,0,0,2,2,36,2.47,10,3,2,0,1,0,0,0,0,1,1,215012.83,0,13.17,164149.34,2,1,40.93597859044613,520.0
20,1,1,2,5,30,0.5,6,3,19,0,1,0,0,0,1,1,0,339438.09,0,8.15,177575.56,2,1,66.3472769793561,608.0
18,0,0,2,1,34,2.46,6,5,0,0,1,0,1,149138,1,1,0,356799.45,1,10.2,161898.24,1,1,62.615723824561705,614.0
30,1,1,1,4,9,1.25,1,5,0,0,2,1,0,0,0,0,1,229309.22,1,13.87,250959.96,1,0,24.45519075253775,403.0
26,0,1,2,5,24,3.32,1,2,6,1,3,1,1,475760,2,1,1,295294.15,0,6.88,193649.4,2,1,83.8563827512529,674.0
23,0,0,0,1,7,-0.95,5,0,14,0,1,1,0,0,2,0,1,247689.57,0,12.3,246819.48,2,2,54.12737153767846,608.0
20,1,1,0,2,36,0.34,6,3,16,0,3,0,0,0,2,0,0,282244.24,0,5.08,99470.47,2,1,58.77993294284589,611.0
23,0,1,1,0,14,1.68,10,2,7,0,3,0,1,224115,2,1,1,323151.88,1,13.22,125553.48,1,1,84.9342869533976,700.0
25,0,2,2,5,30,2.42,1,1,11,0,3,0,0,0,2,1,1,261444.1,1,10.48,142095.17,1,1,89.42630630937792,713.0
21,0,1,1,0,31,1.05,16,0,8,1,1,1,0,0,2,1,1,360682.51,0,13.09,64628.35,1,1,91.03391021227566,755.0
30,1,0,1,3,13,1.48,16,2,9,0,3,1,0,0,2,0,1,408666.08,1,20.25,95664.07,0,2,55.71025714214031,649.0
20,1,1,2,5,28,0.15,9,2,6,1,1,0,0,0,1,1,1,475900.46,1,8.23,170652.37,2,1,82.06745913637666,705.0
21,1,2,2,0,6,0.72,1,1,3,0,3,1,0,0,2,1,0,320923.17,1,12.91,132139.89,0,1,78.24744953068472,731.0
22,1,0,2,4,2,3.08,8,5,0,1,3,1,0,0,2,1,0,351711.31,1,7.63,95967.03,1,1,82.27647705531687,739.0
25,1,2,2,5,24,2.26,15,5,0,1,1,0,1,173919,2,0,0,160282.32,1,10.66,122966.03,1,0,36.19577050784076,524.0
24,1,0,0,5,28,3.82,15,5,0,0,2,0,1,120908,2,1,0,346757.49,1,8.82,125502.8,1,1,89.94778782844372,747.0
27,1,1,1,1,34,1.21,13,1,2,0,1,0,0,0,1,0,1,212983.68,1,13.1,137576.07,2,1,44.558861060941275,490.0
32,0,0,1,0,14,-0.39,12,5,0,1,1,0,1,352572,2,0,1,334696.03,1,4.36,269650.61,0,1,60.16459273983956,649.0
29,0,1,1,3,10,1.26,16,2,6,0,1,1,1,472296,2,0,0,386027.74,0,4.79,160162.39,2,2,64.21430711176195,636.0
22,1,1,2,0,23,2.23,12,5,0,0,2,1,0,0,2,1,0,263605.94,0,9.07,119588.04,2,2,87.3949731929553,720.0
20,0,0,2,4,11,0.04,11,3,2,0,2,1,1,454719,0,1,1,208238.4,1,12.28,109798.92,0,1,38.1724327475915,442.0
25,0,1,2,1,4,1.17,6,0,3,0,2,1,1,342278,2,1,1,359450.9,0,17.11,104061.23,2,2,88.0108974357856,684.0
30,0,2,1,1,7,1.3,7,0,8,0,3,1,0,0,2,1,1,57338.2,1,10.44,266128.29,1,1,63.01261124606448,619.0
24,0,1,2,3,3,0.25,16,3,5,0,1,0,0,0,0,0,1,281775.82,0,17.49,206244.98,0,1,23.41452384463219,411.0
24,0,1,1,4,11,3.02,11,1,20,0,1,0,0,0,1,1,1,312555.85,0,11.67,131004.6,2,2,53.943210778944284,624.0
23,1,1,1,3,16,1.6,8,1,8,1,2,0,0,0,1,1,1,243199.84,0,11.68,204208.05,0,1,56.78628192177136,633.0
26,0,2,2,2,36,0.62,0,1,18,0,1,0,0,0,2,1,1,240322.75,0,10.72,112160.98,0,1,89.4555864676192,693.0
22,1,1,2,2,36,2.02,13,0,20,1,3,0,0,0,2,0,1,176097.67,0,19.13,203865.36,0,0,65.22216733826072,570.0
24,0,1,1,2,19,-0.82,3,4,4,0,1,1,1,399068,2,1,0,279703.17,0,8.62,116086.08,0,0,83.19698009449223,669.0
33,1,0,2,4,32,2.88,15,1,9,0,2,1,0,0,1,1,1,288343.78,0,15.98,194087.32,2,2,66.61278697081576,596.0
24,0,1,2,4,2,3.03,10,3,1,0,2,1,0,0,0,1,1,189927.78,0,13.97,132110.65,0,1,40.84277491086743,472.0
32,1,1,2,1,4,0.21,7,5,0,1,3,1,0,0,0,1,1,492035.14,1,20.22,123727.33,0,1,60.332567337656876,586.0
20,1,1,2,4,2,3.77,1,2,12,0,1,1,1,292076,2,1,1,368920.69,1,8.99,109061.78,0,2,88.03936245217254,681.0
33,1,1,2,5,24,2.31,8,1,5,1,1,0,1,191370,0,1,1,243569.71,0,5.95,210091.84,0,1,44.92546166747479,478.0
24,0,1,1,2,19,3.05,13,1,4,0,3,0,0,0,2,1,1,223807.22,0,9.57,154452.49,0,2,89.9542830030444,702.0
28,1,1,1,1,34,2.82,7,0,3,0,1,0,1,358479,2,1,1,213047.76,0,2.84,169899.52,0,2,48.14712188250557,620.0
27,1,2,2,4,5,2.74,10,3,8,1,3,1,1,106625,2,1,0,432874.14,0,5.58,202375.97,1,1,100.0,773.0
18,1,2,1,1,34,1.52,4,0,12,0,1,1,1,204103,2,1,1,238346.31,1,15.4,184591.44,1,1,86.82693168738501,673.0
28,0,0,2,5,29,4.22,2,3,17,0,3,1,0,0,2,1,1,386405.81,0,6.54,243713.98,0,1,90.35722842002889,751.0
20,0,0,1,5,30,1.21,2,1,6,0,1,1,0,0,1,1,1,271768.8,0,5.31,167463.94,1,1,63.82528400917325,611.0
32,1,1,1,5,30,2.04,9,5,0,0,2,1,0,0,2,1,1,355496.72,0,19.42,167566.77,0,1,88.82469016130466,700.0
27,1,1,1,5,30,2.2,8,5,0,0,1,0,1,127093,2,1,0,412702.03,0,9.61,155638.54,2,2,100.0,785.0
30,1,1,2,1,15,3.52,7,5,0,0,1,1,0,0,1,1,0,136904.68,0,5.12,260289.32,2,1,46.52474616039553,536.0
29,0,1,0,3,16,-0.0,10,1,2,0,2,1,0,0,2,1,0,305926.32,1,13.4,92103.32,1,1,95.19789471802888,723.0
29,1,2,2,3,10,2.54,8,5,0,0,1,1,1,293677,2,0,1,276497.05,1,10.81,193119.53,1,1,63.326183805510276,598.0
24,0,2,1,0,23,-0.13,10,3,4,1,1,1,1,467531,2,0,1,509975.25,1,10.63,78295.13,0,1,57.38484309761336,647.0
33,0,1,1,5,28,3.72,15,1,8,0,3,0,1,209852,2,1,1,172504.09,0,17.01,147380.98,1,0,60.082747154307064,642.0
26,0,2,2,3,0,3.12,10,3,13,0,3,1,1,396955,2,0,1,330592.64,1,0.08,123989.55,2,2,57.548483083900905,583.0
31,1,2,2,2,21,3.8,0,0,8,1,1,1,0,0,1,1,0,341607.99,0,6.25,255604.47,0,0,65.42936865214969,629.0
28,0,1,1,1,34,1.71,13,4,2,1,3,0,1,498920,2,0,1,212016.07,0,16.38,236460.76,0,1,45.08255516557775,521.0
30,1,1,1,1,34,1.31,5,0,13,0,3,1,1,231026,2,0,1,357656.11,0,0.28,176572.53,0,1,58.97006778191779,613.0
19,1,1,2,2,20,3.07,7,5,0,1,3,0,0,0,1,0,1,342434.49,1,18.57,136807.97,0,0,53.09828180251379,553.0
32,0,0,2,3,10,0.75,8,1,2,0,3,0,0,0,0,1,0,294816.08,0,12.23,59961.46,1,1,40.08224565081241,510.0
31,1,0,2,4,8,3.4,1,5,0,0,2,1,0,0,2,0,1,234833.6,1,12.71,212938.06,2,2,55.500574134963486,606.0
24,1,2,2,2,20,0.95,13,4,16,0,2,0,0,0,0,1,0,307927.69,1,8.0,174743.56,1,0,42.664838805828396,537.0
30,0,1,0,5,24,2.29,8,1,7,1,3,0,0,0,2,1,0,316528.44,1,14.38,106699.66,0,0,83.78522167927501,730.0
20,1,1,1,1,15,1.96,6,1,1,0,2,1,1,472727,0,0,1,350681.14,1,3.26,89199.1,2,1,22.842770731910385,421.0
28,0,0,2,1,7,1.17,5,0,14,1,2,0,0,0,0,1,0,381100.81,1,12.11,138729.8,0,2,61.442243174251004,579.0
34,0,0,1,4,9,2.51,1,5,0,1,1,0,0,0,2,0,1,233851.21,0,17.67,179157.31,0,1,67.54977801548549,643.0
22,1,1,2,2,17,1.42,7,5,0,0,1,0,0,0,2,0,1,191564.82,0,7.69,102641.89,0,1,60.99483299813686,592.0
25,0,2,2,1,34,3.38,7,5,0,0,1,1,0,0,2,1,1,347319.66,1,14.32,83520.63,0,1,78.63761994623819,708.0
21,0,0,2,0,25,2.45,14,0,10,0,3,0,0,0,2,1,1,417093.08,1,10.03,175414.26,1,1,87.4875071731707,818.0
31,0,2,1,0,25,2.81,1,5,0,0,3,0,1,345766,2,1,0,329601.21,1,7.74,119083.0,2,1,85.75436642517171,695.0
26,1,1,1,4,32,2.93,10,5,0,0,2,1,1,132901,1,1,0,207772.36,1,1.74,123941.63,1,1,59.51846394606919,608.0
25,1,0,1,5,30,1.87,8,5,0,1,2,1,0,0,2,1,1,212740.55,0,16.16,210400.97,0,2,88.98962964085318,690.0
35,1,1,2,1,7,1.57,4,5,0,1,2,1,0,0,2,1,1,273520.03,0,14.98,242879.54,0,1,89.87000387033643,725.0
32,1,0,2,4,32,1.43,15,3,18,0,2,0,0,0,2,0,1,371659.37,1,9.89,218432.54,2,1,51.87641188959244,628.0
31,1,0,1,1,7,1.43,12,1,9,0,1,1,0,0,2,0,1,340257.52,0,12.52,163754.67,0,1,65.58094784655906,595.0
34,0,1,0,5,24,2.1,6,2,4,0,3,1,0,0,2,1,1,279955.5,0,10.26,94192.58,0,0,81.24666514152929,737.0
25,0,0,2,0,14,2.18,1,2,11,0,3,0,1,72474,2,1,1,153736.6,1,10.0,192865.19,1,1,78.29954305660388,679.0
22,0,1,1,5,28,1.79,1,2,2,1,1,1,1,124992,0,0,1,190586.46,0,12.75,206543.47,2,1,32.43270996315425,365.0
20,1,2,2,5,27,1.59,9,5,0,0,3,1,0,0,1,1,1,378897.75,1,7.84,77406.32,0,1,86.24259926257517,671.0
31,0,1,1,4,32,2.5,8,3,1,1,2,0,0,0,0,1,1,175169.72,1,12.79,237200.51,2,1,38.7187768105331,467.0
29,1,0,2,0,25,0.36,14,1,5,0,3,0,1,255237,1,0,1,135008.46,0,5.51,192729.82,0,1,28.635041340236455,440.0
33,1,2,1,5,30,0.23,15,5,0,0,3,1,0,0,2,1,1,312041.25,0,17.93,151904.23,0,0,90.54010005098296,738.0
23,0,1,1,4,2,1.63,15,2,5,0,3,1,0,0,0,1,1,251964.03,1,1.02,132969.8,0,1,40.25622118112337,512.0
24,1,1,2,1,15,1.44,5,4,4,1,3,0,1,248470,2,0,0,84296.33,0,12.51,188781.18,2,1,35.52208789067074,483.0
25,0,2,2,0,6,2.03,10,2,10,0,1,1,0,0,1,0,0,370267.02,0,4.79,158213.94,0,1,42.90139652689859,541.0
21,0,1,1,5,29,1.68,9,2,11,0,3,1,1,61683,2,1,1,245971.45,1,4.85,157331.63,2,2,90.84017370918957,696.0
34,0,1,0,2,33,1.74,13,4,9,1,1,0,1,126566,1,1,0,143812.14,1,11.53,214799.88,0,2,64.98295356483955,553.0
30,0,1,2,4,2,4.37,8,2,10,0,1,0,1,246892,2,0,0,163134.98,0,12.95,144886.68,0,2,56.74815223366582,566.0
20,1,2,2,0,14,0.94,1,5,0,1,2,1,0,0,1,1,1,339086.99,1,10.57,176450.96,2,2,53.64805212678128,628.0
23,1,2,1,3,16,3.1,1,3,4,0,3,1,0,0,2,0,0,261890.41,0,18.89,154992.48,0,2,56.6180007025092,617.0
18,1,1,2,4,11,1.67,11,5,0,1,3,1,0,0,0,1,1,368711.87,0,13.81,211632.38,2,1,31.567201394783346,531.0
31,1,1,2,0,23,0.24,6,0,15,1,2,1,1,124397,2,1,1,215260.05,0,10.43,155936.05,0,0,88.83054757930068,688.0
32,1,1,2,4,2,2.97,8,5,0,1,2,0,0,0,0,1,0,336360.47,0,5.58,125638.95,2,2,56.342311649981376,568.0
31,1,2,2,4,9,1.99,15,2,17,0,3,1,1,79469,0,1,1,316249.85,1,7.57,137415.53,2,2,43.567609744949834,531.0
24,0,1,2,2,17,3.97,5,4,17,1,2,0,0,0,2,1,1,166644.5,1,13.92,158526.26,2,1,86.52648449682148,653.0
32,0,2,2,3,0,2.45,15,2,18,0,2,1,1,63319,2,0,0,369481.61,1,9.54,145528.67,1,1,58.021864482041764,642.0
35,1,1,2,1,35,2.28,6,5,0,0,2,0,0,0,1,1,1,437662.41,1,14.73,143949.64,2,1,78.19502979109537,678.0
34,1,1,1,4,5,0.74,15,5,0,0,2,0,1,360573,2,1,1,153396.18,0,15.53,153893.29,0,1,61.638508577140755,614.0
21,1,0,0,0,26,2.56,12,3,13,0,2,1,1,399344,1,0,0,202192.57,0,8.66,61897.56,1,0,33.59512144417583,429.0
28,1,1,1,0,6,1.51,14,3,15,0,1,0,0,0,2,1,1,241975.72,0,9.91,198922.77,0,0,89.89624744849512,720.0
27,1,0,2,0,14,1.73,10,2,3,0,3,0,0,0,1,0,0,233611.05,1,16.08,74291.19,2,1,41.63423275015968,478.0
22,1,0,2,5,24,2.72,15,3,9,0,3,0,0,0,2,1,1,259233.94,0,11.89,105761.69,2,1,82.34567059464482,683.0
25,1,0,2,5,27,0.79,15,2,1,0,3,1,0,0,2,1,1,310440.1,1,10.86,156683.94,2,2,94.47631220332998,716.0
19,0,1,1,0,23,2.73,10,0,1,0,3,1,0,0,1,0,1,330375.79,0,17.15,162767.01,0,1,37.33554198503193,514.0
20,1,0,2,4,5,1.05,10,1,16,0,2,1,1,198028,0,1,1,282323.22,1,11.54,173322.8,1,1,29.27865475058752,492.0
25,1,1,1,0,14,3.6,14,2,8,0,1,1,1,53909,2,1,0,155614.05,0,8.35,170130.92,2,1,88.8419723951635,665.0
27,1,0,1,0,26,2.43,1,3,14,0,3,0,0,0,2,0,0,270992.53,1,8.54,50548.29,2,1,69.12423771281537,622.0
28,1,0,1,4,9,2.78,10,3,16,0,3,0,1,291832,2,1,1,272100.81,0,11.88,91801.61,0,2,93.73225417097275,672.0
18,1,0,1,4,5,1.41,10,5,0,1,2,0,0,0,2,1,0,212032.62,0,18.05,65725.38,0,1,88.42425337162842,677.0
31,0,1,2,2,18,2.27,0,0,2,1,2,0,0,0,1,1,1,311169.41,0,2.16,216448.78,0,1,62.47039049548705,607.0
25,1,2,2,2,21,3.66,0,5,0,0,2,1,0,0,1,0,1,430109.67,0,8.35,81798.34,1,2,60.405505638818994,580.0
33,1,1,0,5,28,2.01,15,3,1,0,3,0,0,0,0,0,1,207657.08,0,9.24,176631.79,2,1,30.517452708958867,357.0
31,1,1,1,5,24,-0.27,6,2,18,1,3,0,0,0,2,1,1,384678.33,1,2.95,35280.92,1,2,82.41087725775921,716.0
23,1,2,2,2,36,1.78,13,5,0,0,3,1,0,0,2,1,1,140249.24,0,15.54,200360.46,0,1,84.93459036882405,691.0
25,0,2,1,2,19,2.08,6,3,8,0,1,1,1,489288,2,1,1,327092.13,1,2.74,96838.08,1,1,85.08745126371083,654.0
27,1,1,2,4,9,2.23,8,3,11,0,3,0,1,173935,0,0,1,264418.12,1,0.15,160719.72,1,1,28.539860510381768,355.0
31,0,0,1,1,4,2.76,6,5,0,0,3,1,0,0,2,1,1,327992.47,0,6.13,182418.64,2,1,71.52276336016601,718.0
34,1,0,1,2,36,1.89,10,4,1,0,3,1,0,0,1,1,1,302956.23,1,15.71,123620.13,1,1,56.476202027078514,614.0
18,0,1,1,1,34,0.43,5,5,0,0,2,0,0,0,2,1,1,318851.15,1,10.13,159423.95,2,0,86.23170202818167,721.0
35,1,2,2,0,23,2.48,1,5,0,1,3,0,1,302236,1,1,0,448383.38,0,14.93,195637.49,2,1,87.19510583755664,675.0
27,0,0,2,2,20,1.75,3,0,19,0,1,1,0,0,2,1,1,417469.71,1,6.33,149449.68,2,2,100.0,780.0
35,1,2,2,0,26,2.48,14,5,0,1,3,1,0,0,2,1,0,272292.62,1,13.51,160828.03,0,1,91.6569377005841,718.0
24,1,0,2,3,10,3.17,15,1,18,0,2,0,1,495171,1,1,1,198196.23,0,4.31,117305.15,2,0,42.465115277523246,513.0
28,0,0,1,0,26,2.91,6,5,0,1,2,1,0,0,0,0,1,217577.76,0,1.64,177845.53,2,1,24.560228117692013,394.0
21,1,1,2,3,10,1.5,10,3,16,0,3,0,0,0,2,0,0,337181.48,0,10.33,17245.9,1,1,59.800972137395064,597.0
23,1,2,1,2,36,1.37,6,5,0,0,2,1,0,0,2,0,0,259983.24,0,9.39,106999.88,2,1,62.778997751644965,596.0
19,1,2,2,2,33,1.33,7,4,20,0,1,0,1,214097,1,1,1,373178.65,1,10.1,170564.45,0,0,59.46960021826428,581.0
34,0,1,1,4,32,2.69,2,2,13,0,3,1,1,103662,1,0,0,183878.62,0,6.17,92586.16,0,1,29.1907211059759,451.0
25,1,0,1,5,29,0.08,9,1,9,0,1,1,0,0,2,1,0,309615.68,1,13.21,112017.41,2,1,92.03337525960113,725.0
26,1,0,1,5,24,2.41,1,2,18,0,3,0,1,414983,2,0,1,448963.53,1,17.83,173365.14,2,0,65.81251560757926,631.0
33,1,0,1,5,12,2.8,15,3,8,1,1,0,1,173405,2,1,1,333763.43,1,12.17,154652.87,2,1,80.04042701392649,742.0
32,1,2,0,2,17,2.18,10,1,10,1,3,1,0,0,0,1,0,233984.29,1,4.45,99810.61,1,1,46.04149758638792,507.0
35,0,1,2,0,25,1.82,14,3,4,1,3,1,1,126086,2,0,0,201515.14,0,3.94,170568.01,1,1,61.807178216076196,579.0
26,0,1,2,0,25,1.87,1,1,19,1,3,0,0,0,0,0,1,278582.39,0,11.11,115550.35,0,1,32.959103964332684,409.0
33,1,0,1,5,29,1.22,2,3,13,0,1,0,0,0,0,0,1,239532.48,0,12.88,30111.8,1,1,31.07136679177834,411.0
27,0,0,2,3,3,1.65,16,2,13,1,3,1,1,92281,0,1,1,195312.15,1,8.56,192064.84,2,1,44.83825367357487,462.0
22,1,1,1,2,19,0.86,7,0,13,0,2,0,1,462498,0,0,1,447580.96,0,11.31,188525.15,1,2,32.265058119415194,437.0
28,1,0,2,5,28,3.01,1,5,0,0,2,1,0,0,0,1,0,253245.35,0,12.56,203533.0,1,1,40.70804980407467,496.0
26,0,1,2,3,13,2.52,10,5,0,1,2,0,0,0,2,0,1,362923.82,1,12.66,99916.15,1,1,88.46014537933134,656.0
23,1,2,2,0,22,2.72,6,5,0,0,1,1,0,0,2,1,1,199623.02,0,13.77,158423.93,1,0,87.0442398229879,719.0
27,1,0,1,4,2,1.01,1,1,14,0,3,1,1,396842,1,1,1,347716.99,0,3.78,181847.63,0,0,66.90540443066392,575.0
28,1,2,2,4,11,2.49,2,1,14,0,2,1,0,0,2,0,1,220088.81,0,5.74,220474.9,0,2,63.85145316298174,574.0
35,1,0,0,4,5,2.7,15,2,18,1,3,0,0,0,2,0,1,399441.03,1,1.0,165733.93,0,1,82.74241886589321,692.0
19,1,2,2,4,11,2.47,9,5,0,0,2,0,1,156568,1,1,1,305171.79,1,10.86,113390.37,0,1,66.1824902057497,583.0
23,1,0,2,5,29,1.88,2,2,4,0,2,1,1,118702,2,0,1,323988.67,1,20.43,222528.79,2,1,57.754069754512884,617.0
29,1,0,2,5,12,1.23,2,2,12,0,3,0,1,51042,2,1,1,243548.35,0,9.65,124428.12,0,1,81.24354075234116,690.0
27,1,2,1,5,29,2.26,2,2,5,1,1,0,0,0,2,0,1,163379.06,0,3.79,176413.5,2,0,70.56331823982954,571.0
29,1,2,2,0,22,2.29,16,0,18,0,1,1,1,247867,2,0,1,452486.7,1,11.71,204125.52,1,1,81.64838728108532,654.0
21,1,1,2,3,16,2.67,1,2,19,1,1,1,1,160040,2,0,0,361494.02,0,16.67,207072.73,1,2,56.22575792520598,612.0
31,0,1,2,5,28,3.03,2,2,5,0,3,1,0,0,2,1,1,290097.37,1,16.71,136474.73,1,2,93.882566028236,728.0
25,0,0,1,1,7,3.25,6,4,10,0,2,0,1,418457,0,1,1,293942.31,0,8.24,146474.02,1,1,30.99884816432723,485.0
18,1,1,2,3,13,2.92,1,5,0,1,2,1,1,67522,2,1,1,434322.89,0,13.03,171082.2,0,2,91.10388395952519,826.0
31,1,1,1,3,10,0.35,16,3,11,0,2,0,1,367440,2,1,1,297429.78,0,13.12,166648.62,0,2,87.96006685575882,715.0
